<?xml version='1.0'?>
<home version='7200' exportFlags='17' name='cave.sh3d' camera='topCamera' wallHeight='243.84'>
  <environment groundColor='00A8A8A8' skyColor='00CCE4FC' lightColor='00D0D0D0'/>
  <observerCamera attribute='observerCamera' lens='PINHOLE' x='50.0' y='50.0' z='170.0' yaw='5.4977875' pitch='0.19634955' fieldOfView='1.0995575' time='1697371200000'/>
  <camera attribute='topCamera' lens='PINHOLE' x='3942.1675' y='2425.458' z='3902.397' yaw='8.481696' pitch='0.91499984' fieldOfView='1.0995575' time='1697371200000'/>
  <doorOrWindow catalogId='Scopia#door' name='Door' creator='Scopia' model='2/door.obj' x='1297.7949' y='852.60364' angle='1.7484555E-7' width='96.0' depth='93.33408' height='210.0' modelSize='146649' movable='false' cutOutShape='M0,0 v1 h1 v-1 z' wallCutOutOnBothSides='true'/>
  <pieceOfFurniture name='corner' model='4/corner.dae.obj' x='1214.8342' y='703.64044' width='102.984726' depth='102.9859' height='195.55202' modelFlags='2' modelSize='1450015'/>
  <pieceOfFurniture catalogId='Blend Swap CC-BY#modernToilet' name='Toilet unit' creator='Starapple' model='6/modernToilet.obj' x='1194.2574' y='782.4678' angle='4.712389' width='44.8' depth='85.0' height='76.5' modelSize='416506' movable='false'/>
  <pieceOfFurniture catalogId='Blend Swap CC-0#toiletPaperDispenser' name='Toilet paper dispenser' creator='Nhumrod' model='8/toiletPaperDispenser.obj' x='1224.797' y='821.5371' elevation='60.0' width='15.6' depth='10.400001' height='18.5' modelSize='698074'/>
  <pieceOfFurniture catalogId='eTeks#washbasinWithCabinet' name='Washbasin with cabinet' creator='eTeks' model='10' x='1311.3173' y='682.11017' width='87.0' depth='57.5' height='96.5' modelSize='66142' movable='false'/>
  <doorOrWindow catalogId='eTeks#window85x163' name='Window' creator='eTeks' model='12' x='1213.8545' y='631.5735' elevation='150.0' angle='3.1415927' width='56.0' depth='41.148758' height='50.0' modelSize='8910' movable='false' cutOutShape='M0,0 v1 h1 v-1 z' wallCutOutOnBothSides='true'/>
  <doorOrWindow catalogId='Scopia#door' name='Door' creator='Scopia' model='2/door.obj' x='1450.9932' y='1199.7477' angle='3.1415927' width='96.0' depth='70.00075' height='210.0' modelSize='146649' movable='false' cutOutShape='M0,0 v1 h1 v-1 z' wallCutOutOnBothSides='true'/>
  <doorOrWindow catalogId='Scopia#window_2x1_with_sliders' name='Sliding window' creator='Scopia' model='14/window_2x1_with_sliders.obj' x='1859.4996' y='1043.042' elevation='11.0' angle='4.712389' width='242.0' depth='30.0' height='218.0' modelSize='18174' movable='false' cutOutShape='M0,0 v1 h1 v-1 z' wallCutOutOnBothSides='true'/>
  <doorOrWindow catalogId='Scopia#window_2x1_with_sliders' name='Sliding window' creator='Scopia' model='14/window_2x1_with_sliders.obj' x='1859.5' y='796.97565' elevation='11.0' angle='4.712389' width='247.0' depth='30.000751' height='218.0' modelSize='18174' movable='false' cutOutShape='M0,0 v1 h1 v-1 z' wallCutOutOnBothSides='true'/>
  <doorOrWindow catalogId='Scopia#window_2x1_with_sliders' name='Sliding window' creator='Scopia' model='14/window_2x1_with_sliders.obj' x='1703.2198' y='637.14746' elevation='11.0' width='199.0' depth='30.000751' height='218.0' modelSize='18174' movable='false' cutOutShape='M0,0 v1 h1 v-1 z' wallCutOutOnBothSides='true'/>
  <doorOrWindow catalogId='eTeks#window85x123' name='Small window' creator='eTeks' model='16' x='1754.8519' y='1198.5735' elevation='87.0' angle='3.1415927' width='91.4' depth='41.148758' height='134.0' modelSize='9333' movable='false' cutOutShape='M0,0 v1 h1 v-1 z' wallCutOutOnBothSides='true'/>
  <pieceOfFurniture catalogId='Omari#frigorifero' name='Fridge' creator='Ben Omari' model='18/frigorifero_Scene.obj' x='1300.4209' y='1239.8215' angle='3.1415927' width='60.0' depth='72.5' height='218.2' modelSize='3824'/>
  <pieceOfFurniture catalogId='Omari#piano_cottura' name='Cooker' creator='Ben Omari' model='20/piano_cottura_Scene.obj' x='1215.985' y='1125.9991' angle='4.712389' width='60.0' depth='61.600002' height='96.5' modelSize='18685'/>
  <doorOrWindow catalogId='eTeks#window85x123' name='Small window' creator='eTeks' model='16' x='1037.9011' y='1314.8495' elevation='87.0' angle='3.1415927' width='137.0' widthInPlan='137.00002' depth='75.43876' height='134.0' modelSize='9333' movable='false' cutOutShape='M0,0 v1 h1 v-1 z' wallCutOutOnBothSides='true'/>
  <pieceOfFurniture catalogId='eTeks#bed' name='Bed' creator='eTeks' model='22' x='931.28265' y='1141.8962' angle='4.712389' width='180.0' depth='216.0' height='52.8' modelSize='24868'/>
  <shelfUnit catalogId='Bettinelli#meubleChevet' name='Bedside table' creator='Gaël Bettinelli' model='24/meubleChevet.obj' x='837.78265' y='1034.3934' angle='4.712389' width='39.9' depth='29.0' height='54.0' modelSize='33439'/>
  <shelfUnit catalogId='Bettinelli#meubleChevet' name='Bedside table' creator='Gaël Bettinelli' model='24/meubleChevet.obj' x='840.4499' y='1251.8462' angle='4.712389' width='39.9' depth='29.0' height='54.0' modelSize='33439'/>
  <pieceOfFurniture catalogId='Scopia#wardrobe1' name='Wardrobe' creator='Scopia' model='26/wardrobe1.obj' x='930.61774' y='953.5217' angle='3.1415927' width='217.40001' depth='53.0' height='200.0' modelSize='180682'/>
  <doorOrWindow catalogId='Scopia#door' name='Door' creator='Scopia' model='2/door.obj' x='1083.3442' y='874.2712' elevation='40.0' angle='2.3561945' width='96.0' depth='17.780748' height='180.0' modelSize='146649' movable='false' cutOutShape='M0,0 v1 h1 v-1 z' wallCutOutOnBothSides='true'/>
  <pieceOfFurniture name='stairs (2)' model='28/model.obj' x='1094.0327' y='884.69324' elevation='30.000002' angle='5.4977875' width='122.0' depth='20.0' height='3.9999995' modelFlags='2' modelSize='6096'/>
  <pieceOfFurniture name='stairs (2)' model='28/model.obj' x='1109.0912' y='899.4705' elevation='15.000001' angle='5.4977875' width='122.0' depth='20.0' height='4.0' modelFlags='2' modelSize='6096'/>
  <pieceOfFurniture catalogId='eTeks#armchair2' name='Armchair' creator='eTeks' model='30' x='1650.0623' y='727.39545' angle='1.7484555E-7' width='80.0' depth='78.1' height='77.200005' modelSize='33509'/>
  <shelfUnit catalogId='Blend Swap CC-0#bookcase' name='Bookcase' creator='Michtek' model='32/bookcase.obj' x='1531.8824' y='1143.1975' angle='4.712389' width='91.9' depth='36.5' height='200.0' modelSize='157596'/>
  <pieceOfFurniture catalogId='Puybaret#carpet' name='Carpet' creator='Emmanuel Puybaret' model='34/carpet.obj' x='1665.37' y='810.1885' angle='4.712389' width='160.0' depth='225.0' height='1.0' modelSize='46714'/>
  <pieceOfFurniture catalogId='eTeks#armchair2' name='Armchair' creator='eTeks' model='30' x='1778.1759' y='723.3703' angle='1.0471976' width='80.0' depth='78.1' height='77.200005' modelSize='33509'/>
  <pieceOfFurniture catalogId='eTeks#table' name='Table' creator='eTeks' model='36' x='1703.7488' y='1077.5469' angle='4.712389' width='150.0' depth='75.0' height='74.0' modelSize='5486'/>
  <pieceOfFurniture catalogId='Blend Swap CC-BY#couch3' name='Couch' creator='MatBot' model='38/couch3.obj' x='1669.1859' y='906.6431' angle='3.1415927' width='201.0' depth='90.9' height='84.3' modelSize='530760'/>
  <pieceOfFurniture catalogId='eTeks#coffeeTable' name='Coffee table' creator='eTeks' model='40' x='1673.23' y='812.78485' elevation='1.0' width='125.0' depth='46.0' height='40.0' modelSize='9814'/>
  <pieceOfFurniture name='tvbox' model='42/tvbox.dae.obj' x='1394.2733' y='805.8307' angle='4.712389' width='114.0' depth='47.0' depthInPlan='46.999996' height='56.339638' modelFlags='2' modelSize='230586'/>
  <pieceOfFurniture name='corner wardrob' model='44/corner%20wardrob.dae.obj' x='1417.1167' y='700.49744' width='96.69999' depth='96.700005' height='230.0' modelFlags='2' modelSize='1030110'/>
  <pieceOfFurniture catalogId='Scopia#wall-flat-tv' name='Wall flat TV' creator='Scopia' model='46/wall-flat-tv.obj' x='1381.8364' y='807.91486' elevation='56.300003' angle='4.712389' width='102.8' depth='10.900001' height='65.9' modelSize='36766'/>
  <pieceOfFurniture name='2.2' model='48/wardobe.dae.obj' x='1528.9667' y='675.64746' width='127.0' depth='47.0' height='220.00002' modelFlags='2' modelSize='274119'/>
  <doorOrWindow catalogId='eTeks#door' name='Door' creator='eTeks' model='50' x='705.416' y='990.32166' angle='1.5707964' width='91.4' depth='58.42075' height='208.3' modelSize='14086' movable='false' cutOutShape='M0,0 v1 h1 v-1 z' wallCutOutOnBothSides='true'/>
  <doorOrWindow catalogId='eTeks#door' name='Door' creator='eTeks' model='50' x='600.6993' y='1153.423' angle='1.7484555E-7' width='70.5' depth='14.839428' height='208.3' modelSize='14086' movable='false' cutOutShape='M0,0 v1 h1 v-1 z' wallCutOutOnBothSides='true'/>
  <doorOrWindow catalogId='eTeks#door' name='Door' creator='eTeks' model='50' x='562.6772' y='816.8408' angle='4.712389' width='75.0' depth='14.839428' height='208.3' modelSize='14086' movable='false' cutOutShape='M0,0 v1 h1 v-1 z' wallCutOutOnBothSides='true'/>
  <doorOrWindow catalogId='eTeks#door' name='Door' creator='eTeks' model='50' x='725.8359' y='861.2304' angle='4.712389' width='91.4' depth='58.42075' height='208.3' modelSize='14086' movable='false' cutOutShape='M0,0 v1 h1 v-1 z' wallCutOutOnBothSides='true'/>
  <doorOrWindow catalogId='Scopia#door' name='Door' creator='Scopia' model='2/door.obj' x='1142.5334' y='522.07056' elevation='40.0' angle='1.5643456' width='96.0' depth='140.00075' height='180.0' modelSize='146649' movable='false' cutOutShape='M0,0 v1 h1 v-1 z' wallCutOutOnBothSides='true'/>
  <shelfUnit catalogId='Bettinelli#bureau3' name='Desk' creator='Gaël Bettinelli' model='52/bureau3.obj' x='912.2052' y='889.90173' angle='3.1415927' width='120.0' depth='59.0' height='72.5' modelSize='45158'/>
  <pieceOfFurniture catalogId='PeterSmolik#officeChair' name='Office chair' creator='Peter Smolik' model='54/officeChair.obj' x='914.49347' y='858.85175' width='62.600002' depth='59.7' height='87.3' modelSize='219916'/>
  <pieceOfFurniture catalogId='Scopia#apple_pc' name='Apple iMac 2004' creator='Scopia' model='56/apple_pc.obj' x='914.5875' y='899.089' elevation='72.50001' angle='3.1415927' width='44.0' depth='36.2' height='38.0' modelSize='651527'/>
  <pieceOfFurniture catalogId='Icybones#armoire' name='Wardrobe' creator='Icybones' model='58' x='759.56134' y='739.3821' angle='4.712389' width='109.0' depth='52.8' height='200.5' modelSize='34973'/>
  <pieceOfFurniture catalogId='Icybones#armoire' name='Wardrobe' creator='Icybones' model='58' x='759.42316' y='626.7863' angle='4.712389' width='109.0' depth='52.8' height='200.5' modelSize='34973'/>
  <pieceOfFurniture catalogId='Icybones#armoire' name='Wardrobe' creator='Icybones' model='58' x='759.32416' y='513.8844' angle='4.712389' width='109.0' depth='52.8' height='200.5' modelSize='34973'/>
  <pieceOfFurniture name='washing machine' model='60/washing%20machine.dae.obj' x='859.04785' y='486.2969' angle='1.5707964' width='57.9' depth='59.7' height='84.700005' modelFlags='3' modelSize='572506'/>
  <pieceOfFurniture catalogId='Scopia#copperBeech' name='Copper beech' creator='Scopia' model='62/copperBeech.obj' x='2165.383' y='323.98636' width='400.0' depth='300.0' height='600.0' modelSize='6820434' movable='false'/>
  <wall id='wall-64bfc808-d6ad-447f-90c6-5916631e1496' wallAtEnd='wall-de83066e-6945-4803-90ce-152e35c2f97d' xStart='1160.5' yStart='637.14746' xEnd='1859.5' yEnd='637.14746' height='243.84' thickness='30.000002' pattern='hatchUp'/>
  <wall id='wall-de83066e-6945-4803-90ce-152e35c2f97d' wallAtStart='wall-64bfc808-d6ad-447f-90c6-5916631e1496' wallAtEnd='wall-b7f9a65e-4cf9-4080-939e-c55c6522b817' xStart='1859.5' yStart='637.14746' xEnd='1859.5' yEnd='1204.1475' height='243.84' thickness='30.000002' pattern='hatchUp'/>
  <wall id='wall-b7f9a65e-4cf9-4080-939e-c55c6522b817' wallAtStart='wall-de83066e-6945-4803-90ce-152e35c2f97d' xStart='1859.5' yStart='1204.1475' xEnd='1359.5' yEnd='1204.1475' height='243.84' thickness='30.000002' pattern='hatchUp'/>
  <wall id='wall-024e312b-8df8-4047-b653-557afb9d869b' xStart='1361.0145' yStart='1189.6759' xEnd='1361.0145' yEnd='1331.6759' height='243.84' thickness='57.0' pattern='hatchUp'/>
  <wall id='wall-069f3f3d-5e75-4b64-bbec-5552e951dbf8' xStart='1368.4935' yStart='1303.5715' xEnd='1126.4935' yEnd='1303.5715' height='243.84' thickness='55.000004' pattern='hatchUp'/>
  <wall id='wall-7ac9b5eb-d616-450b-94b9-037822d20c40' xStart='1183.3982' yStart='1325.0685' xEnd='309.3982' yEnd='1325.0685' height='243.84' thickness='55.000004' pattern='hatchUp'/>
  <wall id='wall-21e4f36a-381e-4049-9313-abcf97c29e4e' xStart='340.62946' yStart='1341.98' xEnd='340.62946' yEnd='401.97998' height='243.84' thickness='65.0' pattern='hatchUp'/>
  <wall id='wall-5ea42e7e-898e-4818-bd51-1ff465a55c0d' xStart='372.53333' yStart='429.8469' xEnd='1181.5333' yEnd='429.8469' height='243.84' thickness='55.000004' pattern='hatchUp'/>
  <wall id='wall-924a0f19-6106-445d-b0a9-4cd3c34bf209' xStart='1150.9144' yStart='457.1074' xEnd='1151.9241' yEnd='613.62195' height='243.84' thickness='60.000004' pattern='hatchUp'/>
  <wall id='wall-f215ae79-b83f-49aa-979f-caf38d291c93' xStart='1154.1115' yStart='613.62195' xEnd='1154.1115' yEnd='731.62195' height='243.84' thickness='15.000001' pattern='hatchUp'/>
  <wall id='wall-6fd8bb0d-44b3-4598-a3df-f305dea6f7de' xStart='1143.3419' yStart='731.62195' xEnd='1143.3419' yEnd='827.5766' height='243.84' thickness='40.0' pattern='hatchUp'/>
  <wall id='wall-59948b40-c77e-439c-9316-d706a162badb' xStart='1368.4935' yStart='846.7371' xEnd='1162.3202' yEnd='846.7371' height='243.84' thickness='40.0' pattern='hatchUp'/>
  <wall id='wall-42ba2731-203c-44af-aa26-f70209422753' xStart='1132.3461' yStart='818.7807' xEnd='1171.3784' yEnd='857.813' height='243.84' thickness='25.0' pattern='hatchUp'/>
  <wall id='wall-c5b6d840-34e5-4e69-82f2-3ec9702ce203' xStart='1362.263' yStart='652.4933' xEnd='1362.263' yEnd='827.5766' height='243.84' thickness='10.0' pattern='hatchUp'/>
  <wall id='wall-cd52f51c-1165-4079-8737-6efc501d8895' wallAtEnd='wall-6a997da7-bd5b-4320-be88-c75015a0a2d3' xStart='1126.4935' yStart='832.7021' xEnd='1035.9839' yEnd='923.21173' height='243.84' thickness='7.62' pattern='hatchUp'/>
  <wall id='wall-6a997da7-bd5b-4320-be88-c75015a0a2d3' wallAtStart='wall-cd52f51c-1165-4079-8737-6efc501d8895' xStart='1035.9839' yStart='923.21173' xEnd='732.4839' yEnd='923.21173' height='243.84' thickness='7.62' pattern='hatchUp'/>
  <wall id='wall-f2c3a478-d3e0-477b-9de8-de53b7a06c5e' xStart='819.47266' yStart='1297.9767' xEnd='819.47266' yEnd='923.21173' height='243.84' thickness='7.62' pattern='hatchUp'/>
  <wall id='wall-a9eb09cb-4672-4e10-a0af-059f15a1c781' xStart='1419.1095' yStart='979.7743' xEnd='1164.6095' yEnd='979.7743' height='243.84' thickness='7.62' pattern='hatchUp'/>
  <wall id='wall-00f9d66d-9e35-40d9-abe9-80c34af33ea2' xStart='1177.6206' yStart='983.40564' xEnd='1177.6206' yEnd='1276.4056' height='243.84' thickness='7.62' pattern='hatchUp'/>
  <wall id='wall-fcaf4563-878f-4dac-b705-e6d5b5816a56' xStart='1040.896' yStart='923.21173' xEnd='1074.4835' yEnd='956.7993' height='243.84' thickness='7.62' pattern='hatchUp'/>
  <wall id='wall-157cc053-0341-4a95-bc8f-0441a39646bb' xStart='1074.4835' yStart='985.04285' xEnd='1074.4835' yEnd='954.04285' height='243.84' thickness='7.62' pattern='hatchUp'/>
  <wall id='wall-63b0f676-40de-42d1-90ba-8c3eb42c59bf' xStart='1084.9128' yStart='983.40564' xEnd='1070.9128' yEnd='983.40564' height='243.84' thickness='7.62' pattern='hatchUp'/>
  <wall id='wall-1d74461e-0239-473c-86c4-6c4d0affd28b' xStart='715.626' yStart='458.94266' xEnd='715.6259' yEnd='1297.9767' height='243.84' thickness='30.000002' pattern='hatchUp'/>
  <wall id='wall-17813eee-75a0-452a-8753-1cf53e6443bc' xStart='563.6335' yStart='754.41455' xEnd='700.6335' yEnd='754.41455' height='243.84' thickness='20.0' pattern='hatchUp'/>
  <wall id='wall-15f96909-3d7c-4790-b2bf-4521e45e75ec' xStart='372.53333' yStart='760.42084' xEnd='563.6335' yEnd='760.42084' height='243.84' thickness='25.0' pattern='hatchUp'/>
  <wall id='wall-80aea5fe-f1fa-45ef-b42a-14662c460138' xStart='543.72375' yStart='567.55225' xEnd='543.72375' yEnd='458.94266' height='243.84' thickness='10.0' pattern='hatchUp'/>
  <wall id='wall-63b558a8-0bed-4332-b264-7b9218644736' xStart='378.86353' yStart='745.9196' xEnd='378.86353' yEnd='456.91962' height='243.84' thickness='10.0' pattern='hatchUp'/>
  <wall id='wall-f378a4c3-2d26-4cc8-91d0-ebce61583d7a' xStart='700.6335' yStart='1150.8297' xEnd='372.53333' yEnd='1150.8297' height='243.84' thickness='7.62' pattern='hatchUp'/>
  <wall id='wall-4ff512ca-d70e-4869-a219-6ad219e8e060' wallAtEnd='wall-0c2fca52-9ba5-47ff-bb6d-78374633e55f' xStart='540.7638' yStart='1038.3912' xEnd='484.7638' yEnd='1038.3912' height='243.84' thickness='20.0' pattern='hatchUp'/>
  <wall id='wall-0c2fca52-9ba5-47ff-bb6d-78374633e55f' wallAtStart='wall-4ff512ca-d70e-4869-a219-6ad219e8e060' xStart='484.7638' yStart='1038.3912' xEnd='484.7638' yEnd='862.39124' height='243.84' thickness='20.0' pattern='hatchUp'/>
  <wall id='wall-54135346-b82b-4c5d-8f44-b8db9453bc3e' xStart='563.6335' yStart='869.6708' xEnd='478.63348' yEnd='869.6708' height='243.84' thickness='25.0' pattern='hatchUp'/>
  <wall id='wall-4210ea37-0798-4653-b965-9568b409b152' xStart='560.0839' yStart='857.813' xEnd='560.0839' yEnd='769.813' height='243.84' thickness='7.62' pattern='hatchUp'/>
  <wall id='wall-7f8f888d-643c-4573-9e9d-06f0ff4a2f06' xStart='1150.9144' yStart='401.97998' xEnd='1150.9144' yEnd='126.97998' height='243.84' thickness='20.0' pattern='hatchUp'/>
  <room id='room-aa3e4bad-8f4d-497a-b129-02151f4c1223' areaVisible='true' ceilingFlat='true'>
    <texture attribute='floorTexture' name='Grey tiles' creator='eTeks' catalogId='eTeks#greyTile' width='31.5' height='31.5' image='63'/>
    <point x='1161.6115' y='652.14746'/>
    <point x='1163.3419' y='826.7371'/>
    <point x='1357.263' y='826.7371'/>
    <point x='1357.263' y='652.4933'/>
  </room>
  <room id='room-436462f6-e9b4-4165-a2c0-7a43763a25f1' areaVisible='true' ceilingFlat='true'>
    <texture attribute='floorTexture' name='Wooden floor' creator='eTeks' catalogId='eTeks#woodenFloor' width='42.5' height='42.5' image='64'/>
    <point x='1037.562' y='927.0217'/>
    <point x='823.28265' y='927.0217'/>
    <point x='823.28265' y='1297.5685'/>
    <point x='1126.4935' y='1297.5685'/>
    <point x='1126.4935' y='1276.0715'/>
    <point x='1173.8105' y='1276.0715'/>
    <point x='1173.8105' y='983.5843'/>
    <point x='1084.9128' y='983.40564'/>
    <point x='1070.6735' y='985.04285'/>
    <point x='1070.6735' y='958.37744'/>
  </room>
  <room id='room-ffb986e2-f610-44a0-8bd2-48f3aab41743' areaVisible='true' ceilingFlat='true'>
    <texture attribute='floorTexture' name='Beige tiles' creator='eTeks' catalogId='eTeks#beigeTile' width='20.0' height='20.0' scale='3.0' image='65'/>
    <point x='1367.9303' y='652.4933'/>
    <point x='1845.1674' y='652.14746'/>
    <point x='1845.1674' y='1189.1475'/>
    <point x='1333.1819' y='1189.6759'/>
    <point x='1333.1819' y='1276.0715'/>
    <point x='1184.0656' y='1276.0715'/>
    <point x='1184.0656' y='983.40564'/>
    <point x='1085.5802' y='983.40564'/>
    <point x='1078.9609' y='979.59564'/>
    <point x='1078.9609' y='954.04285'/>
    <point x='1044.4955' y='920.7557'/>
    <point x='1132.1768' y='833.07446'/>
    <point x='1160.461' y='861.35876'/>
    <point x='1369.1609' y='866.7371'/>
    <point x='1367.9303' y='652.4933'/>
  </room>
  <room id='room-b298b260-2a96-4cd9-be02-8a6b7eb88322' areaVisible='true' ceilingFlat='true'>
    <texture attribute='floorTexture' name='Gray ceramic tiles' creator='Scopia' catalogId='eTeksScopia#grey-ceramic-tiles' width='100.0' height='100.0' scale='2.0' image='66'/>
    <point x='730.626' y='458.94266'/>
    <point x='1118.626' y='458.94266'/>
    <point x='1121.9247' y='613.8155'/>
    <point x='1146.6115' y='613.8155'/>
    <point x='1146.6115' y='731.62195'/>
    <point x='1123.3419' y='731.62195'/>
    <point x='1123.3419' y='827.5766'/>
    <point x='1034.4056' y='919.40173'/>
    <point x='732.4839' y='919.40173'/>
  </room>
  <room id='room-85b2d504-dec0-4312-a380-b6adf99fd888' areaVisible='true' ceilingVisible='false' ceilingFlat='true'>
    <texture attribute='floorTexture' name='Stained brown tiles' creator='Scopia' catalogId='eTeksScopia#stained-brown-ceramic-floor-tiles' width='80.0' height='80.0' image='67'/>
    <point x='1160.9144' y='126.97998'/>
    <point x='1160.9144' y='401.97998'/>
    <point x='1181.5333' y='402.3469'/>
    <point x='1181.5333' y='622.14746'/>
    <point x='1874.5' y='622.14746'/>
    <point x='1874.5' y='1224.1475'/>
    <point x='1389.5145' y='1219.1475'/>
    <point x='1389.5145' y='1331.6759'/>
    <point x='1389.5145' y='1472.6759'/>
    <point x='2122.5146' y='1472.6759'/>
    <point x='2122.5146' y='452.6759'/>
    <point x='1379.5146' y='452.6759'/>
    <point x='1379.5146' y='122.6759'/>
  </room>
  <room id='room-5761a068-d1eb-47a7-83ea-b5f1a9732ed5' areaVisible='true' ceilingVisible='false' ceilingFlat='true'>
    <texture attribute='floorTexture' name='Green fabric' creator='Scopia' catalogId='eTeksScopia#green-fabric-for-furniture' width='100.0' height='100.0' image='68'/>
    <point x='1379.5146' y='122.6759'/>
    <point x='2221.5146' y='122.6759'/>
    <point x='2221.5146' y='156.6759'/>
    <point x='3055.5706' y='141.97615'/>
    <point x='3089.6096' y='1430.5942'/>
    <point x='2122.9028' y='1449.0726'/>
    <point x='2122.9028' y='452.6759'/>
    <point x='1379.5146' y='452.6759'/>
  </room>
</home>