<?xml version='1.0'?>
<home version='7200' exportFlags='17' name='étage_3D.sh3d' camera='topCamera' selectedLevel='level-9da265bb-4234-47ad-ad47-7abdeed66258' wallHeight='243.84'>
  <environment groundColor='00A8A8A8' skyColor='00CCE4FC' lightColor='00D0D0D0'/>
  <observerCamera attribute='observerCamera' lens='PINHOLE' x='847.0782' y='1072.0945' z='170.0' yaw='16.179173' pitch='0.87266463' fieldOfView='2.0943952' time='1696766400000' fixedSize='true'/>
  <camera attribute='topCamera' lens='PINHOLE' x='1229.4927' y='574.37537' z='2527.7476' yaw='43.0252' pitch='1.4107965' fieldOfView='1.0995575' time='1696766400000'/>
  <level id='level-55f8383b-413f-4809-9324-9546e87100d9' name='Level 1' elevation='-255.80002' floorThickness='12.0' height='243.84' elevationIndex='0'/>
  <level id='level-9da265bb-4234-47ad-ad47-7abdeed66258' name='Level 0' elevation='0.0' floorThickness='12.0' height='243.84' elevationIndex='0'/>
  <doorOrWindow level='level-9da265bb-4234-47ad-ad47-7abdeed66258' catalogId='eTeks#doubleWindow126x163' name='Double window' creator='eTeks' model='1' x='2185.386' y='992.0957' angle='1.5707964' width='142.0' depth='54.864754' height='220.0' modelSize='13650' movable='false' cutOutShape='M0,0 v1 h1 v-1 z' wallCutOutOnBothSides='true'/>
  <doorOrWindow level='level-9da265bb-4234-47ad-ad47-7abdeed66258' catalogId='eTeks#doubleWindow126x163' name='Double window' creator='eTeks' model='1' x='2185.386' y='679.8517' angle='1.5707964' width='142.0' depth='54.864754' height='220.0' modelSize='13650' movable='false' cutOutShape='M0,0 v1 h1 v-1 z' wallCutOutOnBothSides='true'/>
  <doorOrWindow level='level-9da265bb-4234-47ad-ad47-7abdeed66258' catalogId='eTeks#frenchWindow85x200' name='French window' creator='eTeks' model='3' x='1485.5591' y='408.27252' elevation='10.8' angle='1.5707964' width='73.0' depth='41.148758' height='209.90001' heightInPlan='209.90002' modelSize='9824' movable='false' cutOutShape='M0,0 v1 h1 v-1 z' wallCutOutOnBothSides='true'/>
  <doorOrWindow level='level-9da265bb-4234-47ad-ad47-7abdeed66258' catalogId='eTeks#door' name='Door' creator='eTeks' model='5' x='1539.5063' y='937.38745' angle='1.7484555E-7' width='103.77329' depth='95.52276' height='208.3' modelSize='14086' movable='false' cutOutShape='M0,0 v1 h1 v-1 z' wallCutOutOnBothSides='true' wallWidth='0.88076615' wallLeft='0.119234346'>
    <transformation name='sweethome3d_hinge_1' matrix='-0.15239713 0 -1.2633709 -0.43762916 0 1 0 0 0.77314997 0 -0.15239713 0.35060796'/>
  </doorOrWindow>
  <doorOrWindow level='level-9da265bb-4234-47ad-ad47-7abdeed66258' catalogId='eTeks#door' name='Door' creator='eTeks' model='5' x='1545.4493' y='730.62634' angle='3.1415927' width='91.4' depth='95.22818' height='208.3' modelMirrored='true' modelSize='14086' movable='false' cutOutShape='M0,0 v1 h1 v-1 z' wallCutOutOnBothSides='true' wallLeft='5.425718E-7'>
    <transformation name='sweethome3d_hinge_1' matrix='0.074800186 0 -1.2747211 -0.3439276 0 1 0 0 0.78009605 0 0.074800186 0.3469877'/>
  </doorOrWindow>
  <doorOrWindow level='level-9da265bb-4234-47ad-ad47-7abdeed66258' catalogId='eTeks#window85x163' name='Window' creator='eTeks' model='7' x='1249.9644' y='345.0269' elevation='47.0' width='119.0' depth='68.58075' height='174.0' modelSize='8910' movable='false' cutOutShape='M0,0 v1 h1 v-1 z' wallCutOutOnBothSides='true'/>
  <doorOrWindow level='level-9da265bb-4234-47ad-ad47-7abdeed66258' catalogId='eTeks#window85x163' name='Window' creator='eTeks' model='7' x='859.1301' y='345.0269' elevation='47.0' width='119.0' depth='68.58075' height='174.0' modelSize='8910' movable='false' cutOutShape='M0,0 v1 h1 v-1 z' wallCutOutOnBothSides='true'/>
  <pieceOfFurniture level='level-9da265bb-4234-47ad-ad47-7abdeed66258' catalogId='eTeks#toiletUnit' name='Toilet unit' creator='eTeks' model='10' x='980.4339' y='409.063' angle='1.5707964' width='40.0' depth='80.0' height='62.2' modelSize='125874' movable='false'/>
  <pieceOfFurniture level='level-9da265bb-4234-47ad-ad47-7abdeed66258' name='bacADouchePlat' model='12/bacADouchePlat.obj' x='801.77783' y='609.71533' angle='3.1415927' width='195.0' depth='89.5' height='6.5' modelSize='21325'/>
  <doorOrWindow level='level-9da265bb-4234-47ad-ad47-7abdeed66258' catalogId='eTeks#door' name='Door' creator='eTeks' model='5' x='954.3574' y='561.5682' angle='3.1415927' width='83.9' depth='87.444046' height='208.3' modelSize='14086' movable='false' cutOutShape='M0,0 v1 h1 v-1 z' wallCutOutOnBothSides='true' wallLeft='-1.3640157E-7'>
    <transformation name='sweethome3d_hinge_1' matrix='0.17434986 0 -1.3712435 -0.30026177 0 1 0 0 0.707097 0 0.17434987 0.3141479'/>
  </doorOrWindow>
  <doorOrWindow level='level-9da265bb-4234-47ad-ad47-7abdeed66258' catalogId='eTeks#door' name='Door' creator='eTeks' model='5' x='1045.9401' y='652.71356' angle='4.712389' width='83.9' depth='38.947414' height='208.3' modelSize='14086' movable='false' cutOutShape='M0,0 v1 h1 v-1 z' wallCutOutOnBothSides='true'/>
  <pieceOfFurniture level='level-9da265bb-4234-47ad-ad47-7abdeed66258' catalogId='eTeks#wardrobe' name='Wardrobe' creator='eTeks' model='14' x='1015.1334' y='535.14575' angle='1.5707964' width='117.0' depth='28.0' height='240.00002' modelSize='23218'/>
  <pieceOfFurniture level='level-9da265bb-4234-47ad-ad47-7abdeed66258' name='bathroom_sink' model='16/bathroom_sink.obj' x='735.9713' y='501.41284' angle='4.712389' width='107.5' depth='66.0' height='78.000015' modelSize='34944'/>
  <pieceOfFurniture level='level-9da265bb-4234-47ad-ad47-7abdeed66258' name='bathroom_sink' model='16/bathroom_sink.obj' x='734.9188' y='417.41147' angle='4.712389' width='107.5' depth='66.0' height='78.0' modelSize='34944'/>
  <doorOrWindow level='level-9da265bb-4234-47ad-ad47-7abdeed66258' catalogId='eTeks#door' name='Door' creator='eTeks' model='5' x='1100.2606' y='941.89514' width='97.6191' depth='92.18808' height='208.3' modelSize='14086' movable='false' cutOutShape='M0,0 v1 h1 v-1 z' wallCutOutOnBothSides='true' wallWidth='0.89634097' wallLeft='0.10365798'>
    <transformation name='sweethome3d_hinge_1' matrix='-0.12451414 0 -1.3248867 -0.42441604 0 1 0 0 0.7430796 0 -0.12451409 0.33745438'/>
  </doorOrWindow>
  <doorOrWindow level='level-9da265bb-4234-47ad-ad47-7abdeed66258' catalogId='eTeks#serviceHatch' name='Service hatch' creator='eTeks' model='18' x='1300.9061' y='901.8591' elevation='119.4' angle='3.1415927' width='271.0' depth='10.00075' height='80.0' modelSize='2316' movable='false' cutOutShape='M0,0 v1 h1 v-1 z'/>
  <doorOrWindow level='level-9da265bb-4234-47ad-ad47-7abdeed66258' catalogId='eTeks#window85x163' name='Window' creator='eTeks' model='7' x='1252.3861' y='1223.7828' elevation='100.0' angle='3.143319' width='186.0' depth='82.29676' height='100.0' modelSize='8910' movable='false' cutOutShape='M0,0 v1 h1 v-1 z' wallCutOutOnBothSides='true'/>
  <doorOrWindow level='level-9da265bb-4234-47ad-ad47-7abdeed66258' catalogId='eTeks#window85x163' name='Window' creator='eTeks' model='7' x='878.58044' y='1245.4332' elevation='100.0' angle='0.0017262485' width='119.0' depth='82.29676' height='100.0' modelSize='8910' movable='false' cutOutShape='M0,0 v1 h1 v-1 z' wallCutOutOnBothSides='true'/>
  <doorOrWindow level='level-9da265bb-4234-47ad-ad47-7abdeed66258' catalogId='eTeks#window85x163' name='Window' creator='eTeks' model='7' x='680.4949' y='980.1533' elevation='160.0' angle='4.711269' width='44.0' depth='96.01276' height='40.0' modelSize='8910' movable='false' cutOutShape='M0,0 v1 h1 v-1 z' wallCutOutOnBothSides='true'/>
  <doorOrWindow level='level-9da265bb-4234-47ad-ad47-7abdeed66258' catalogId='eTeks#window85x163' name='Window' creator='eTeks' model='7' x='680.2028' y='719.42834' elevation='160.0' angle='4.711269' width='55.0' depth='96.01276' height='40.0' modelSize='8910' movable='false' cutOutShape='M0,0 v1 h1 v-1 z' wallCutOutOnBothSides='true'/>
  <pieceOfFurniture level='level-9da265bb-4234-47ad-ad47-7abdeed66258' catalogId='eTeks#bed140x190' name='Double bed' creator='eTeks' model='20' x='1274.7389' y='471.43958' angle='3.1415927' width='200.0' depth='207.0' height='69.9' modelSize='11797'/>
  <pieceOfFurniture level='level-9da265bb-4234-47ad-ad47-7abdeed66258' catalogId='eTeks#wardrobe' name='Wardrobe' creator='eTeks' model='14' x='1297.4672' y='681.81274' angle='3.1415927' width='300.0' depth='50.0' height='240.00002' modelSize='23218'/>
  <pieceOfFurniture level='level-9da265bb-4234-47ad-ad47-7abdeed66258' catalogId='eTeks#wardrobe' name='Wardrobe' creator='eTeks' model='14' x='1079.2548' y='481.46368' angle='4.712389' width='232.0' depth='52.0' height='240.00002' modelSize='23218'/>
  <pieceOfFurniture level='level-9da265bb-4234-47ad-ad47-7abdeed66258' catalogId='eTeks#wardrobe' name='Wardrobe' creator='eTeks' model='14' x='1248.8522' y='747.61255' width='395.0' depth='51.0' height='240.00002' modelSize='23218'/>
  <doorOrWindow level='level-9da265bb-4234-47ad-ad47-7abdeed66258' catalogId='eTeks#door' name='Door' creator='eTeks' model='5' x='920.3928' y='973.5818' width='83.9' depth='87.4' height='208.3' modelSize='14086' movable='false' cutOutShape='M0,0 v1 h1 v-1 z' wallCutOutOnBothSides='true' wallLeft='-1.3640157E-7'>
    <transformation name='sweethome3d_hinge_1' matrix='0.17434986 0 -1.3712435 -0.30026177 0 1 0 0 0.707097 0 0.17434987 0.3141479'/>
  </doorOrWindow>
  <doorOrWindow level='level-9da265bb-4234-47ad-ad47-7abdeed66258' catalogId='OlaKristianHoff#window_shop' name='Shop window' creator='Ola-Kristian Hoff' model='22/window_shop.obj' x='1987.4067' y='1257.2632' width='949.0' depth='14.0' height='120.00001' modelSize='3355' movable='false' cutOutShape='M0,0 v1 h1 v-1 z' wallCutOutOnBothSides='true'/>
  <doorOrWindow level='level-9da265bb-4234-47ad-ad47-7abdeed66258' catalogId='OlaKristianHoff#window_shop' name='Shop window' creator='Ola-Kristian Hoff' model='22/window_shop.obj' x='2456.3042' y='786.27075' angle='4.712389' width='954.0' depth='11.5' height='120.0' modelSize='3355' movable='false' cutOutShape='M0,0 v1 h1 v-1 z' wallCutOutOnBothSides='true'/>
  <doorOrWindow level='level-9da265bb-4234-47ad-ad47-7abdeed66258' catalogId='OlaKristianHoff#window_shop' name='Shop window' creator='Ola-Kristian Hoff' model='22/window_shop.obj' x='1984.5951' y='316.64838' width='954.0' depth='14.5' height='120.0' modelSize='3355' movable='false' cutOutShape='M0,0 v1 h1 v-1 z' wallCutOutOnBothSides='true'/>
  <doorOrWindow level='level-9da265bb-4234-47ad-ad47-7abdeed66258' catalogId='Scopia#window_2x1_with_sliders' name='Sliding window' creator='Scopia' model='24/window_2x1_with_sliders.obj' x='1661.5396' y='1097.2327' elevation='11.0' angle='6.278677' width='188.0' depth='40.00075' height='218.0' modelSize='18174' movable='false' cutOutShape='M0,0 v1 h1 v-1 z' wallCutOutOnBothSides='true'/>
  <doorOrWindow level='level-9da265bb-4234-47ad-ad47-7abdeed66258' catalogId='Scopia#window_2x1_with_sliders' name='Sliding window' creator='Scopia' model='24/window_2x1_with_sliders.obj' x='2040.8801' y='552.6641' elevation='11.0' angle='8.946106E-8' width='188.0' depth='40.00075' height='218.0' modelSize='18174' movable='false' cutOutShape='M0,0 v1 h1 v-1 z' wallCutOutOnBothSides='true'/>
  <doorOrWindow level='level-9da265bb-4234-47ad-ad47-7abdeed66258' catalogId='Scopia#window_2x1_with_sliders' name='Sliding window' creator='Scopia' model='24/window_2x1_with_sliders.obj' x='2000.7235' y='1095.7018' elevation='11.0' angle='6.278677' width='188.0' depth='40.00075' height='218.0' modelSize='18174' movable='false' cutOutShape='M0,0 v1 h1 v-1 z' wallCutOutOnBothSides='true'/>
  <doorOrWindow level='level-9da265bb-4234-47ad-ad47-7abdeed66258' catalogId='Scopia#window_2x1_with_sliders' name='Sliding window' creator='Scopia' model='24/window_2x1_with_sliders.obj' x='1628.9446' y='552.66406' elevation='11.0' angle='8.946106E-8' width='188.0' depth='40.00075' height='218.0' modelSize='18174' movable='false' cutOutShape='M0,0 v1 h1 v-1 z' wallCutOutOnBothSides='true'/>
  <pieceOfFurniture level='level-9da265bb-4234-47ad-ad47-7abdeed66258' catalogId='Scopia#mezzanine-bed' name='Mezzanine bed' creator='Scopia' model='26/mezzanine-bed.obj' x='1828.2078' y='886.3901' angle='1.5707964' width='121.8' depth='259.0' height='192.6' modelSize='146788'/>
  <pieceOfFurniture level='level-9da265bb-4234-47ad-ad47-7abdeed66258' catalogId='Scopia#mezzanine-bed' name='Mezzanine bed' creator='Scopia' model='26/mezzanine-bed.obj' x='1974.0381' y='756.97003' angle='4.712389' width='121.8' depth='259.0' height='192.6' modelSize='146788'/>
  <pieceOfFurniture level='level-9da265bb-4234-47ad-ad47-7abdeed66258' catalogId='Blend Swap CC-0#wardrobeWithSlidingDoors' name='Wardrobe' creator='Ashaihullin' model='28/wardrobeWithSlidingDoors.obj' x='2072.8179' y='858.49005' width='200.0' depth='66.0' height='236.40001' modelSize='52450'/>
  <pieceOfFurniture level='level-9da265bb-4234-47ad-ad47-7abdeed66258' catalogId='Blend Swap CC-0#wardrobeWithSlidingDoors' name='Wardrobe' creator='Ashaihullin' model='28/wardrobeWithSlidingDoors.obj' x='1725.8964' y='784.87006' angle='3.1415927' width='200.0' depth='66.0' height='236.40001' modelSize='52450'/>
  <pieceOfFurniture level='level-9da265bb-4234-47ad-ad47-7abdeed66258' catalogId='Blend Swap CC-BY#bath_jay_hardy' name='Bath' creator='Jay-Artist' model='30/bath_jay_hardy.obj' x='788.09515' y='973.0272' angle='3.1415927' width='165.0' depth='61.0' height='65.1' modelSize='1469878' movable='false'/>
  <pieceOfFurniture level='level-9da265bb-4234-47ad-ad47-7abdeed66258' name='bathdoor' model='32/bathdoor.dae.obj' x='787.3514' y='1008.1868' elevation='65.100006' width='166.0' depth='7.0' height='150.70004' modelFlags='2' modelSize='17033138'/>
  <pieceOfFurniture level='level-55f8383b-413f-4809-9324-9546e87100d9' name='stairs' model='34/model.dae.obj' x='801.52264' y='720.0295' elevation='119.4' angle='1.5707964' width='93.0' depth='205.5' height='136.40001' modelFlags='2' modelSize='388667'/>
  <pieceOfFurniture level='level-9da265bb-4234-47ad-ad47-7abdeed66258' name='stairs' model='34/model.dae.obj' x='812.8143' y='884.9346' angle='4.712389' width='92.0' depth='162.5' height='136.40001' modelFlags='2' modelSize='388667'/>
  <pieceOfFurniture level='level-9da265bb-4234-47ad-ad47-7abdeed66258' catalogId='Snduc#pareDouche' name='Shower door' creator='Snduc' model='36' x='850.0932' y='560.0779' elevation='7.0' width='98.0' depth='7.5' height='180.0' modelSize='27129' movable='false'/>
  <pieceOfFurniture level='level-9da265bb-4234-47ad-ad47-7abdeed66258' name='washbasin' model='38/washbasin.dae.obj' x='986.22266' y='1110.9343' angle='1.5707964' width='179.0' depth='78.5' height='64.99999' modelFlags='2' modelSize='86466'/>
  <pieceOfFurniture level='level-9da265bb-4234-47ad-ad47-7abdeed66258' name='washing machine' model='40/washing%20machine.dae.obj' x='996.71375' y='977.32465' angle='3.1415927' width='57.9' depth='59.7' height='100.0' modelFlags='3' modelSize='572506'/>
  <pieceOfFurniture level='level-9da265bb-4234-47ad-ad47-7abdeed66258' name='washing machine' model='40/washing%20machine.dae.obj' x='997.3873' y='976.0654' elevation='100.0' angle='3.1415927' width='57.9' depth='59.7' height='100.0' modelFlags='3' modelSize='572506'/>
  <furnitureGroup level='level-9da265bb-4234-47ad-ad47-7abdeed66258' name='Group -2-' x='1366.5082' y='1149.127' width='140.0' depth='111.75989' height='133.8'>
    <pieceOfFurniture level='level-9da265bb-4234-47ad-ad47-7abdeed66258' catalogId='eTeks#desk' name='Desk' creator='eTeks' model='42' x='1366.5082' y='1168.7046' angle='9.536743E-7' width='140.0' depth='67.8' height='77.0' modelSize='16760'/>
    <pieceOfFurniture level='level-9da265bb-4234-47ad-ad47-7abdeed66258' catalogId='Carvalho#monitorLCD' name='Monitor LCD' creator='Carvalho' model='44/monitorLCD.obj' x='1366.8854' y='1189.657' elevation='77.0' angle='3.1415913' width='66.4' depth='30.7' height='56.8' modelSize='8473'/>
    <pieceOfFurniture level='level-9da265bb-4234-47ad-ad47-7abdeed66258' catalogId='Geantick#souris' name='Mouse' creator='Geantick' model='46' x='1338.2515' y='1157.6113' elevation='77.0' angle='3.1415913' width='6.0' depth='10.1' height='2.4' modelRotation='0 0 -1 0 1 0 1 0 0' modelSize='33060'/>
    <pieceOfFurniture level='level-9da265bb-4234-47ad-ad47-7abdeed66258' catalogId='PeterSmolik#officeChair3' name='Office chair' creator='Peter Smolik' model='48/officeChair3.obj' x='1371.3639' y='1121.447' angle='9.536743E-7' width='55.9' depth='56.4' height='107.0' modelSize='448819'/>
  </furnitureGroup>
  <furnitureGroup level='level-9da265bb-4234-47ad-ad47-7abdeed66258' name='Group -1-' x='1123.7013' y='1151.9523' angle='3.1415927' width='140.0' depth='105.27063' height='133.8'>
    <pieceOfFurniture level='level-9da265bb-4234-47ad-ad47-7abdeed66258' catalogId='eTeks#desk' name='Desk' creator='eTeks' model='42' x='1123.7013' y='1165.4874' angle='3.1415927' width='140.0' depth='67.8' height='77.0' modelSize='16760'/>
    <pieceOfFurniture level='level-9da265bb-4234-47ad-ad47-7abdeed66258' catalogId='Carvalho#monitorLCD' name='Monitor LCD' creator='Carvalho' model='44/monitorLCD.obj' x='1117.1892' y='1189.2375' elevation='77.0' angle='3.1415927' width='66.4' depth='30.7' height='56.8' modelSize='8473'/>
    <pieceOfFurniture level='level-9da265bb-4234-47ad-ad47-7abdeed66258' catalogId='Geantick#souris' name='Mouse' creator='Geantick' model='46' x='1091.7998' y='1155.029' elevation='77.0' angle='3.1415927' width='6.0' depth='10.1' height='2.4' modelRotation='0 0 -1 0 1 0 1 0 0' modelSize='33060'/>
    <pieceOfFurniture level='level-9da265bb-4234-47ad-ad47-7abdeed66258' catalogId='PeterSmolik#officeChair3' name='Office chair' creator='Peter Smolik' model='48/officeChair3.obj' x='1111.9343' y='1127.5168' angle='1.7484555E-7' width='55.9' depth='56.4' height='107.0' modelSize='448819'/>
  </furnitureGroup>
  <pieceOfFurniture level='level-9da265bb-4234-47ad-ad47-7abdeed66258' catalogId='Blonk#couchTwoSeats' name='Couch two seats' creator='Theo Blonk' model='50' x='1351.6699' y='956.84375' width='180.0' depth='90.6' height='72.0' modelSize='113102'/>
  <shelfUnit level='level-9da265bb-4234-47ad-ad47-7abdeed66258' catalogId='Artist373#shelves' name='Shelves' creator='Pencilart' model='52' x='740.6887' y='1109.9904' angle='4.712389' width='188.0' depth='73.0' height='240.00002' modelSize='22004'/>
  <pieceOfFurniture level='level-9da265bb-4234-47ad-ad47-7abdeed66258' catalogId='Blend Swap CC-BY#modernToilet' name='Toilet unit' creator='Starapple' model='54/modernToilet.obj' x='833.3297' y='1161.7225' angle='3.143319' width='44.8' depth='85.0' height='76.5' modelSize='416506' movable='false'/>
  <pieceOfFurniture level='level-9da265bb-4234-47ad-ad47-7abdeed66258' name='tv' model='56/tv.dae.obj' x='1064.2931' y='1049.9307' elevation='100.0' angle='4.712389' width='144.99998' depth='30.319267' height='85.00001' modelFlags='2' modelRotation='-1 0 0 0 1 0 0 0 -1' modelSize='661441'/>
  <pieceOfFurniture level='level-9da265bb-4234-47ad-ad47-7abdeed66258' name='bidet' model='58/bidet.dae.obj' x='903.5688' y='1179.8762' angle='1.5707964' width='48.861706' depth='34.71027' height='33.908768' modelFlags='2' modelSize='752768'/>
  <wall id='wall-d424bdd8-afb4-4b65-b7f4-6b91b32b98f0' level='level-9da265bb-4234-47ad-ad47-7abdeed66258' xStart='669.554' yStart='335.73688' xEnd='1482.554' yEnd='335.73688' height='243.84' thickness='50.0' pattern='hatchUp'/>
  <wall id='wall-481c3c16-3887-4b61-be70-6282c672f976' level='level-9da265bb-4234-47ad-ad47-7abdeed66258' wallAtEnd='wall-e88344d3-d96e-439a-b467-7fd46f5637a2' xStart='666.73914' yStart='310.73682' xEnd='667.7731' yEnd='1233.9215' height='243.84' thickness='70.0' pattern='hatchUp'/>
  <wall id='wall-e88344d3-d96e-439a-b467-7fd46f5637a2' level='level-9da265bb-4234-47ad-ad47-7abdeed66258' wallAtStart='wall-481c3c16-3887-4b61-be70-6282c672f976' wallAtEnd='wall-31c36205-1601-47f3-a033-b07c47fe4d21' xStart='667.7731' yStart='1233.9215' xEnd='1478.935' yEnd='1235.3218' height='243.84' thickness='60.000004' pattern='hatchUp'/>
  <wall id='wall-31c36205-1601-47f3-a033-b07c47fe4d21' level='level-9da265bb-4234-47ad-ad47-7abdeed66258' wallAtStart='wall-e88344d3-d96e-439a-b467-7fd46f5637a2' wallAtEnd='wall-9545e9dd-4547-4b3a-a9d5-af00759dc24c' xStart='1478.935' yStart='1235.3218' xEnd='1479.8137' yEnd='1098.0493' height='243.84' thickness='60.000004' pattern='hatchUp'/>
  <wall id='wall-9545e9dd-4547-4b3a-a9d5-af00759dc24c' level='level-9da265bb-4234-47ad-ad47-7abdeed66258' wallAtStart='wall-31c36205-1601-47f3-a033-b07c47fe4d21' wallAtEnd='wall-875944ca-4439-4543-8362-11294e54128c' xStart='1479.8137' yStart='1098.0493' xEnd='2192.8179' yEnd='1094.835' height='243.84' thickness='40.0' pattern='hatchUp'/>
  <wall id='wall-875944ca-4439-4543-8362-11294e54128c' level='level-9da265bb-4234-47ad-ad47-7abdeed66258' wallAtStart='wall-9545e9dd-4547-4b3a-a9d5-af00759dc24c' xStart='2192.8179' yStart='1094.835' xEnd='2192.8179' yEnd='532.83527' height='243.84' thickness='40.0' pattern='hatchUp'/>
  <wall id='wall-ee877684-f655-4cf1-b5c9-b5e3c768ea4f' level='level-9da265bb-4234-47ad-ad47-7abdeed66258' wallAtEnd='wall-d3bc54df-1d98-4af3-ad94-b1cdd8de8518' xStart='2173.387' yStart='552.6641' xEnd='1491.133' yEnd='552.66406' height='243.84' thickness='40.0' pattern='hatchUp'/>
  <wall id='wall-d3bc54df-1d98-4af3-ad94-b1cdd8de8518' level='level-9da265bb-4234-47ad-ad47-7abdeed66258' wallAtStart='wall-ee877684-f655-4cf1-b5c9-b5e3c768ea4f' xStart='1491.133' yStart='552.66406' xEnd='1491.133' yEnd='310.73682' height='243.84' thickness='30.000002' pattern='hatchUp'/>
  <wall id='wall-1d52043c-018b-4d2b-86f7-84be88e2f9dd' level='level-9da265bb-4234-47ad-ad47-7abdeed66258' xStart='1467.8002' yStart='450.54398' xEnd='1467.8002' yEnd='777.944' height='243.84' thickness='35.0' pattern='hatchUp'/>
  <wall id='wall-c1e8e34e-cc67-4cca-b8fd-59f8e04530e8' level='level-9da265bb-4234-47ad-ad47-7abdeed66258' xStart='1467.8002' yStart='1076.5275' xEnd='1467.8002' yEnd='895.9839' height='243.84' thickness='40.0' pattern='hatchUp'/>
  <wall id='wall-cd31f8cb-b8a0-42ab-a3a2-df691429965c' level='level-9da265bb-4234-47ad-ad47-7abdeed66258' xStart='1609.504' yStart='821.68005' xEnd='2173.387' yEnd='821.68005' height='243.84' thickness='7.62' pattern='hatchUp'/>
  <wall id='wall-5ad04f75-e50e-466e-ac3c-31e7a7763717' level='level-9da265bb-4234-47ad-ad47-7abdeed66258' xStart='1484.9529' yStart='772.1825' xEnd='1505.9529' yEnd='772.1825' height='243.84' thickness='10.0' pattern='hatchUp'/>
  <wall id='wall-45bc02ac-f114-4f6d-b1ed-c3c4fb23d62e' level='level-9da265bb-4234-47ad-ad47-7abdeed66258' wallAtEnd='wall-14577764-320d-4b1e-9a25-4c455d882d79' xStart='1505.9529' yStart='772.1825' xEnd='1611.8002' yEnd='772.1825' height='243.84' thickness='10.0' pattern='hatchUp'/>
  <wall id='wall-14577764-320d-4b1e-9a25-4c455d882d79' level='level-9da265bb-4234-47ad-ad47-7abdeed66258' wallAtStart='wall-45bc02ac-f114-4f6d-b1ed-c3c4fb23d62e' wallAtEnd='wall-8227a279-c343-4cbf-b21e-dad3e8e83939' xStart='1611.8002' yStart='772.1825' xEnd='1611.8002' yEnd='895.6841' height='243.84' thickness='10.0' pattern='hatchUp'/>
  <wall id='wall-8227a279-c343-4cbf-b21e-dad3e8e83939' level='level-9da265bb-4234-47ad-ad47-7abdeed66258' wallAtStart='wall-14577764-320d-4b1e-9a25-4c455d882d79' xStart='1611.8002' yStart='895.6841' xEnd='1449.1002' yEnd='895.6841' height='243.84' thickness='10.0' pattern='hatchUp'/>
  <wall id='wall-7b0b6d60-bfcf-4f45-a843-386249e2132e' level='level-9da265bb-4234-47ad-ad47-7abdeed66258' xStart='1449.1002' yStart='714.354' xEnd='1030.6002' yEnd='714.354' height='243.84' thickness='7.62' pattern='hatchUp'/>
  <wall id='wall-4051a00c-f9f7-4aa2-91d6-786c2663f637' level='level-9da265bb-4234-47ad-ad47-7abdeed66258' xStart='1039.1334' yStart='360.88672' xEnd='1039.1334' yEnd='777.2231' height='243.84' thickness='20.0' pattern='hatchUp'/>
  <wall id='wall-812b56a7-ef71-4f87-95c9-8fa260aee784' level='level-9da265bb-4234-47ad-ad47-7abdeed66258' xStart='1016.8164' yStart='360.88672' xEnd='1016.8164' yEnd='474.88672' height='243.84' thickness='25.0' pattern='hatchUp'/>
  <wall id='wall-e14ed292-7012-4f52-86a8-3f32ee7f145a' level='level-9da265bb-4234-47ad-ad47-7abdeed66258' xStart='949.41394' yStart='471.64575' xEnd='1030.6002' yEnd='471.64575' height='243.84' thickness='10.0' pattern='hatchUp'/>
  <wall id='wall-9977d3ff-9cd4-4ce9-ab77-eaffbfb37a35' level='level-9da265bb-4234-47ad-ad47-7abdeed66258' wallAtEnd='wall-363cd136-e9f1-443c-b996-53f3c635ddfb' xStart='702.1395' yStart='662.6015' xEnd='903.6134' yEnd='662.6015' height='243.84' thickness='15.000001' pattern='hatchUp'/>
  <wall id='wall-363cd136-e9f1-443c-b996-53f3c635ddfb' level='level-9da265bb-4234-47ad-ad47-7abdeed66258' wallAtStart='wall-9977d3ff-9cd4-4ce9-ab77-eaffbfb37a35' xStart='903.6134' yStart='662.6015' xEnd='903.6134' yEnd='555.3137' height='243.84' thickness='7.62' pattern='hatchUp'/>
  <wall id='wall-630c97b0-052f-47c9-95f0-8a8b25608400' level='level-9da265bb-4234-47ad-ad47-7abdeed66258' xStart='907.4574' yStart='599.2322' xEnd='1029.3574' yEnd='599.2322' height='243.84' thickness='10.0' pattern='hatchUp'/>
  <wall id='wall-80e27134-9413-45e1-9504-0c1417b8cf04' level='level-9da265bb-4234-47ad-ad47-7abdeed66258' xStart='702.1395' yStart='935.9346' xEnd='1039.1334' yEnd='935.9346' height='243.84' thickness='10.0' pattern='hatchUp'/>
  <wall id='wall-223a88fb-3f4b-41d7-b37b-d1bbbf62abcf' level='level-9da265bb-4234-47ad-ad47-7abdeed66258' wallAtEnd='wall-750e917a-3455-4fca-9503-9bc1bcfaec52' xStart='1039.1334' yStart='1203.7302' xEnd='1039.1334' yEnd='901.8591' height='243.84' thickness='20.0' pattern='hatchUp'/>
  <wall id='wall-3dd90eb9-6431-455a-9f8d-523032debed8' level='level-9da265bb-4234-47ad-ad47-7abdeed66258' xStart='959.72815' yStart='1014.84985' xEnd='1029.3574' yEnd='1014.84985' height='243.84' thickness='7.62' pattern='hatchUp'/>
  <wall id='wall-750e917a-3455-4fca-9503-9bc1bcfaec52' level='level-9da265bb-4234-47ad-ad47-7abdeed66258' wallAtStart='wall-223a88fb-3f4b-41d7-b37b-d1bbbf62abcf' xStart='1039.1334' yStart='901.8591' xEnd='1455.1334' yEnd='901.8591' height='243.84' thickness='10.0' pattern='hatchUp'/>
  <wall id='wall-9fa893f7-eccd-4aa6-bfea-e1e6ecf0164a' level='level-9da265bb-4234-47ad-ad47-7abdeed66258' wallAtEnd='wall-446f6cad-ac51-414e-8a0e-6b61548f3574' xStart='808.5504' yStart='797.1687' xEnd='808.5504' yEnd='772.1825' height='80.0' thickness='7.62' pattern='hatchUp'/>
  <wall id='wall-446f6cad-ac51-414e-8a0e-6b61548f3574' level='level-9da265bb-4234-47ad-ad47-7abdeed66258' wallAtStart='wall-9fa893f7-eccd-4aa6-bfea-e1e6ecf0164a' wallAtEnd='wall-4e3529c6-5590-4981-aa6b-4e0d24b6d81c' xStart='808.5504' yStart='772.1825' xEnd='890.5504' yEnd='772.1825' height='120.00001' thickness='7.62' pattern='hatchUp'/>
  <wall id='wall-4e3529c6-5590-4981-aa6b-4e0d24b6d81c' level='level-9da265bb-4234-47ad-ad47-7abdeed66258' wallAtStart='wall-446f6cad-ac51-414e-8a0e-6b61548f3574' wallAtEnd='wall-34c0b027-981b-4a87-b5b7-8fb37a8e5672' xStart='890.5504' yStart='772.1825' xEnd='890.5504' yEnd='832.1825' height='120.00001' thickness='7.62' pattern='hatchUp'/>
  <wall id='wall-34c0b027-981b-4a87-b5b7-8fb37a8e5672' level='level-9da265bb-4234-47ad-ad47-7abdeed66258' wallAtStart='wall-4e3529c6-5590-4981-aa6b-4e0d24b6d81c' xStart='890.5504' yStart='832.1825' xEnd='805.5504' yEnd='832.1825' height='120.00001' thickness='7.62' pattern='hatchUp'/>
  <wall id='wall-063c8c98-377c-40e7-ba80-a0d68984da9d' level='level-9da265bb-4234-47ad-ad47-7abdeed66258' xStart='874.98914' yStart='941.7149' xEnd='874.98914' yEnd='1010.7149' height='243.84' thickness='7.62' pattern='hatchUp'/>
  <wall id='wall-f80797c2-b3f7-4b51-a0f3-2fdfeb4630c5' level='level-9da265bb-4234-47ad-ad47-7abdeed66258' xStart='702.1395' yStart='560.354' xEnd='799.1395' yEnd='560.354' height='243.84' thickness='7.62' pattern='hatchUp'/>
  <room id='room-c64a2b23-9c26-470b-be98-bca080a360c1' level='level-9da265bb-4234-47ad-ad47-7abdeed66258' name='balcon' nameXOffset='317.5193' nameYOffset='-43.342285' areaVisible='true' areaXOffset='315.84814' areaYOffset='10.026978' ceilingVisible='false' ceilingFlat='true'>
    <texture attribute='floorTexture' name='Grey tiles' creator='eTeks' catalogId='eTeks#greyTile' width='31.5' height='31.5' scale='3.0' image='59'/>
    <point x='1507.918' y='309.25012'/>
    <point x='2460.9177' y='309.25012'/>
    <point x='2460.9177' y='1262.3258'/>
    <point x='1510.5282' y='1262.326'/>
    <point x='1510.5282' y='1122.326'/>
    <point x='2214.6028' y='1122.326'/>
    <point x='2214.6028' y='531.34863'/>
    <point x='1507.918' y='531.1774'/>
    <point x='1507.918' y='309.25012'/>
  </room>
  <room id='room-6087c275-f89d-4f72-a73c-a0840cf2ba16' level='level-9da265bb-4234-47ad-ad47-7abdeed66258' name='enfant 1' areaVisible='true' ceilingVisible='false' ceilingFlat='true'>
    <texture attribute='floorTexture' name='Old wooden floor' creator='eTeks' catalogId='eTeks#oldWoodenFloor' width='26.9' height='26.9' image='60'/>
    <point x='1616.8002' y='825.49005'/>
    <point x='2172.8179' y='825.49005'/>
    <point x='2172.8179' y='1074.9252'/>
    <point x='1487.8002' y='1076.5275'/>
    <point x='1487.8002' y='900.6841'/>
    <point x='1616.8002' y='900.6841'/>
  </room>
  <room id='room-db5f8f12-fa1a-4139-9e96-64df081f0030' level='level-9da265bb-4234-47ad-ad47-7abdeed66258' name='enfant 2' areaVisible='true' ceilingFlat='true'>
    <texture attribute='floorTexture' name='Old wooden floor' creator='eTeks' catalogId='eTeks#oldWoodenFloor' width='26.9' height='26.9' image='60'/>
    <point x='1485.3002' y='572.66406'/>
    <point x='2172.8179' y='572.6641'/>
    <point x='2172.8179' y='817.87006'/>
    <point x='1616.8002' y='817.8701'/>
    <point x='1616.8002' y='767.1825'/>
    <point x='1485.3002' y='767.1825'/>
  </room>
  <room id='room-5bd11932-9a6d-48f1-b45d-87599f614523' level='level-9da265bb-4234-47ad-ad47-7abdeed66258' name='bureau' areaVisible='true' ceilingVisible='false' ceilingFlat='true'>
    <texture attribute='floorTexture' name='Old wooden floor' creator='eTeks' catalogId='eTeks#oldWoodenFloor' width='26.9' height='26.9' image='60'/>
    <point x='1049.1334' y='906.8591'/>
    <point x='1049.1334' y='1203.7302'/>
    <point x='1449.1268' y='1205.2701'/>
    <point x='1447.8002' y='906.8591'/>
  </room>
  <room id='room-cd32343b-0960-4003-a0fe-0a742fb0d5bc' level='level-9da265bb-4234-47ad-ad47-7abdeed66258' name='sale de bain 2' areaVisible='true' ceilingVisible='false' ceilingFlat='true'>
    <texture attribute='floorTexture' name='Grey tiles' creator='eTeks' catalogId='eTeks#greyTile' width='31.5' height='31.5' image='59'/>
    <point x='702.445' y='940.9346'/>
    <point x='702.445' y='1203.9375'/>
    <point x='1029.1334' y='1203.7302'/>
    <point x='1029.1334' y='940.9346'/>
  </room>
  <room id='room-a0fd5188-fa17-4de0-9d9b-429818b0282a' level='level-9da265bb-4234-47ad-ad47-7abdeed66258' areaVisible='true' ceilingFlat='true'>
    <texture attribute='floorTexture' name='Grey tiles' creator='eTeks' catalogId='eTeks#greyTile' width='31.5' height='31.5' image='59'/>
    <point x='701.79517' y='360.73688'/>
    <point x='1004.3164' y='360.88672'/>
    <point x='1004.3164' y='594.2322'/>
    <point x='907.4574' y='594.2322'/>
    <point x='899.8034' y='655.1015'/>
    <point x='702.1395' y='655.1015'/>
  </room>
  <room id='room-fb940dc3-2ce0-405c-af5b-b7d32db53762' level='level-9da265bb-4234-47ad-ad47-7abdeed66258' areaVisible='true' ceilingFlat='true'>
    <texture attribute='floorTexture' name='Old wooden floor' creator='eTeks' catalogId='eTeks#oldWoodenFloor' width='26.9' height='26.9' image='60'/>
    <point x='1049.1334' y='360.88672'/>
    <point x='1476.133' y='360.73688'/>
    <point x='1476.133' y='450.54398'/>
    <point x='1450.3002' y='450.54398'/>
    <point x='1450.3002' y='710.544'/>
    <point x='1049.1334' y='710.544'/>
  </room>
  <room id='room-2cfccf60-18d9-4d2e-93fa-61e7e60989f2' level='level-9da265bb-4234-47ad-ad47-7abdeed66258' areaVisible='true' ceilingFlat='true'>
    <texture attribute='floorTexture' name='Beige tiles' creator='eTeks' catalogId='eTeks#beigeTile' width='20.0' height='20.0' image='61'/>
    <point x='907.4574' y='604.2322'/>
    <point x='1029.1334' y='604.2322'/>
    <point x='1029.1334' y='721.2322'/>
    <point x='1449.1002' y='718.164'/>
    <point x='1449.1002' y='777.944'/>
    <point x='1604.1002' y='777.944'/>
    <point x='1606.8002' y='890.6841'/>
    <point x='1029.1334' y='896.8591'/>
    <point x='1029.1334' y='930.9346'/>
    <point x='894.3604' y='930.9346'/>
    <point x='894.3604' y='833.9346'/>
    <point x='894.3604' y='768.3725'/>
    <point x='894.3604' y='670.1015'/>
    <point x='907.4234' y='670.1015'/>
  </room>
</home>