<?xml version='1.0'?>
<home version='7200' exportFlags='17' name='attique_3D.sh3d' camera='topCamera' selectedLevel='level-9dc025f4-ab45-4c97-830b-c377ebdbb434' wallHeight='243.84'>
  <environment groundColor='00A8A8A8' skyColor='00CCE4FC' lightColor='00D0D0D0'/>
  <observerCamera attribute='observerCamera' lens='PINHOLE' x='1162.2354' y='517.33484' z='425.80002' yaw='14.999332' pitch='0.19627014' fieldOfView='1.0995575' time='1696766400000' fixedSize='true'/>
  <camera attribute='topCamera' lens='PINHOLE' x='780.0794' y='1746.1882' z='1975.3186' yaw='3.1364589' pitch='0.85579705' fieldOfView='1.0995575' time='1696766400000'/>
  <level id='level-75960c5f-15f3-4734-87b3-681b28fb5536' name='1er' elevation='0.0' floorThickness='12.0' height='243.84' elevationIndex='0'/>
  <level id='level-9dc025f4-ab45-4c97-830b-c377ebdbb434' name='attique' elevation='255.80002' floorThickness='12.0' height='243.84' elevationIndex='0'/>
  <doorOrWindow level='level-9dc025f4-ab45-4c97-830b-c377ebdbb434' catalogId='eTeks#doubleWindow126x163' name='Double window' creator='eTeks' model='1' x='541.38257' y='28.011635' angle='6.282896' width='112.0' depth='54.864754' height='220.00002' modelSize='13650' movable='false' cutOutShape='M0,0 v1 h1 v-1 z' wallCutOutOnBothSides='true'/>
  <doorOrWindow level='level-9dc025f4-ab45-4c97-830b-c377ebdbb434' catalogId='eTeks#sliderWindow126x200' name='Slider window' creator='eTeks' model='3' x='1184.6207' y='289.6794' angle='4.712389' width='485.94424' depth='42.672752' height='209.90001' modelSize='7950' movable='false' cutOutShape='M0,0 v1 h1 v-1 z' wallCutOutOnBothSides='true' wallWidth='0.8560653' wallLeft='-3.1400287E-8'>
    <transformation name='sweethome3d_rail_1' matrix='1 0 0 0.2776185 0 1 0 0 0 0 1 0'/>
  </doorOrWindow>
  <doorOrWindow level='level-9dc025f4-ab45-4c97-830b-c377ebdbb434' catalogId='eTeks#sliderWindow126x200' name='Slider window' creator='eTeks' model='3' x='987.2307' y='547.1407' angle='3.1415927' width='286.0' depth='42.672752' height='209.90001' modelSize='7950' movable='false' cutOutShape='M0,0 v1 h1 v-1 z' wallCutOutOnBothSides='true'/>
  <doorOrWindow level='level-9dc025f4-ab45-4c97-830b-c377ebdbb434' catalogId='eTeks#doubleWindow126x163' name='Double window' creator='eTeks' model='1' x='565.0746' y='541.0447' angle='3.1415927' width='157.00002' depth='54.864754' height='220.00002' modelSize='13650' movable='false' cutOutShape='M0,0 v1 h1 v-1 z' wallCutOutOnBothSides='true'/>
  <doorOrWindow level='level-9dc025f4-ab45-4c97-830b-c377ebdbb434' catalogId='eTeks#window85x163' name='Window' creator='eTeks' model='5' x='445.0746' y='543.88403' angle='3.1415927' width='83.0' depth='54.864754' height='220.00002' modelSize='8910' movable='false' cutOutShape='M0,0 v1 h1 v-1 z' wallCutOutOnBothSides='true'/>
  <doorOrWindow level='level-9dc025f4-ab45-4c97-830b-c377ebdbb434' catalogId='eTeks#door' name='Door' creator='eTeks' model='7' x='238.24625' y='83.75981' angle='1.5707964' width='78.0' depth='14.839428' height='208.3' modelMirrored='true' modelSize='14086' movable='false' cutOutShape='M0,0 v1 h1 v-1 z' wallCutOutOnBothSides='true'/>
  <pieceOfFurniture level='level-9dc025f4-ab45-4c97-830b-c377ebdbb434' catalogId='eTeks#toiletUnit' name='Toilet unit' creator='eTeks' model='10' x='60.0' y='63.856133' angle='4.712389' width='40.0' depth='80.0' height='62.2' modelSize='125874' movable='false'/>
  <pieceOfFurniture level='level-9dc025f4-ab45-4c97-830b-c377ebdbb434' catalogId='eTeks#washbasin' name='Washbasin' creator='eTeks' model='12' x='138.26102' y='39.62133' angle='6.2804456' width='40.0' depth='40.0' height='96.5' modelSize='239991' movable='false'/>
  <pieceOfFurniture level='level-9dc025f4-ab45-4c97-830b-c377ebdbb434' catalogId='eTeks#fridgeFreezer' name='Fridge &amp; Freezer' creator='eTeks' model='14' x='1071.0869' y='73.4277' angle='6.282896' width='59.7' depth='66.0' height='180.0' modelSize='26363'/>
  <pieceOfFurniture level='level-9dc025f4-ab45-4c97-830b-c377ebdbb434' catalogId='eTeks#texturableBox' name='Box' creator='eTeks' model='16/texturableBox.obj' x='1133.2844' y='73.02405' width='60.000004' depth='60.000004' height='240.00002' modelSize='1661'/>
  <pieceOfFurniture level='level-9dc025f4-ab45-4c97-830b-c377ebdbb434' catalogId='eTeks#texturableBox' name='Box' creator='eTeks' model='16/texturableBox.obj' x='1071.3098' y='70.4362' elevation='180.0' width='60.000004' depth='60.000004' height='60.000004' modelSize='1661'/>
  <doorOrWindow level='level-9dc025f4-ab45-4c97-830b-c377ebdbb434' catalogId='eTeks#fixedWindow85x123' name='Fixed window' creator='eTeks' model='18' x='930.3858' y='20.467192' elevation='100.0' angle='6.282896' width='183.0' depth='40.00075' height='60.000004' modelSize='2198' movable='false' cutOutShape='M0,0 v1 h1 v-1 z' wallCutOutOnBothSides='true'/>
  <pieceOfFurniture level='level-9dc025f4-ab45-4c97-830b-c377ebdbb434' catalogId='eTeks#kitchenCabinet' name='Kitchen cabinet' creator='eTeks' model='20' x='1011.3774' y='72.202415' width='59.7' depth='63.5' height='85.1' modelSize='11366' movable='false'/>
  <pieceOfFurniture level='level-9dc025f4-ab45-4c97-830b-c377ebdbb434' catalogId='eTeks#kitchenCabinet' name='Kitchen cabinet' creator='eTeks' model='20' x='951.67737' y='72.21966' width='59.7' depth='63.5' height='85.1' modelSize='11366' movable='false'/>
  <pieceOfFurniture level='level-9dc025f4-ab45-4c97-830b-c377ebdbb434' catalogId='eTeks#kitchenCabinet' name='Kitchen cabinet' creator='eTeks' model='20' x='891.97736' y='72.23728' width='59.7' depth='63.5' height='85.1' modelSize='11366' movable='false'/>
  <pieceOfFurniture level='level-9dc025f4-ab45-4c97-830b-c377ebdbb434' catalogId='eTeks#kitchenCabinet' name='Kitchen cabinet' creator='eTeks' model='20' x='832.27734' y='72.254036' width='59.7' depth='63.5' height='85.1' modelSize='11366' movable='false'/>
  <pieceOfFurniture level='level-9dc025f4-ab45-4c97-830b-c377ebdbb434' catalogId='eTeks#kitchenCabinet' name='Kitchen cabinet' creator='eTeks' model='20' x='772.5682' y='72.26284' angle='6.282896' width='59.7' depth='63.5' height='85.1' modelSize='11366' movable='false'/>
  <pieceOfFurniture level='level-9dc025f4-ab45-4c97-830b-c377ebdbb434' catalogId='eTeks#kitchenCabinet' name='Kitchen cabinet' creator='eTeks' model='20' x='712.87054' y='72.28038' elevation='171.20001' angle='6.282896' width='59.7' depth='63.5' height='68.0' modelSize='11366' movable='false'/>
  <pieceOfFurniture level='level-9dc025f4-ab45-4c97-830b-c377ebdbb434' catalogId='eTeks#kitchenCabinet' name='Kitchen cabinet' creator='eTeks' model='20' x='713.05524' y='72.281204' angle='6.282896' width='59.7' depth='63.5' height='85.1' modelSize='11366' movable='false'/>
  <pieceOfFurniture level='level-9dc025f4-ab45-4c97-830b-c377ebdbb434' catalogId='eTeks#kitchenUpperCabinet' name='Kitchen upper cabinet' creator='eTeks' model='22' x='772.07697' y='60.54705' elevation='180.0' width='55.0' depth='38.0' height='60.0' modelSize='11850'/>
  <pieceOfFurniture level='level-9dc025f4-ab45-4c97-830b-c377ebdbb434' catalogId='eTeks#kitchenUpperCabinet' name='Kitchen upper cabinet' creator='eTeks' model='22' x='830.47736' y='60.55497' elevation='180.0' width='60.0' depth='40.100002' height='60.0' modelSize='11850'/>
  <pieceOfFurniture level='level-9dc025f4-ab45-4c97-830b-c377ebdbb434' catalogId='eTeks#kitchenUpperCabinet' name='Kitchen upper cabinet' creator='eTeks' model='22' x='890.47736' y='60.537052' elevation='180.0' width='60.0' depth='40.100002' height='60.0' modelSize='11850'/>
  <pieceOfFurniture level='level-9dc025f4-ab45-4c97-830b-c377ebdbb434' catalogId='eTeks#kitchenUpperCabinet' name='Kitchen upper cabinet' creator='eTeks' model='22' x='950.47736' y='60.520126' elevation='180.0' width='60.0' depth='40.100002' height='60.0' modelSize='11850'/>
  <pieceOfFurniture level='level-9dc025f4-ab45-4c97-830b-c377ebdbb434' catalogId='eTeks#kitchenUpperCabinet' name='Kitchen upper cabinet' creator='eTeks' model='22' x='1010.47736' y='60.503002' elevation='180.0' width='60.0' depth='40.100002' height='60.0' modelSize='11850'/>
  <pieceOfFurniture level='level-9dc025f4-ab45-4c97-830b-c377ebdbb434' catalogId='eTeks#dishwasher' name='Dishwasher' creator='eTeks' model='24' x='1069.6443' y='203.76472' angle='3.1415927' width='59.7' depth='64.8' height='85.1' modelSize='7169'/>
  <pieceOfFurniture level='level-9dc025f4-ab45-4c97-830b-c377ebdbb434' catalogId='eTeks#sink' name='Sink' creator='eTeks' model='26' x='979.7943' y='203.42648' angle='3.1415927' width='120.0' depth='63.5' height='106.0' modelSize='41849' movable='false'/>
  <pieceOfFurniture level='level-9dc025f4-ab45-4c97-830b-c377ebdbb434' catalogId='eTeks#sofa2' name='Sofa' creator='eTeks' model='28' x='467.48175' y='276.58597' width='230.0' depth='90.0' height='88.0' color='FF1D4851' modelSize='55383'/>
  <pieceOfFurniture level='level-9dc025f4-ab45-4c97-830b-c377ebdbb434' catalogId='eTeks#armchair2' name='Armchair' creator='eTeks' model='30' x='603.8136' y='403.5489' angle='1.8325958' width='70.0' depth='90.0' height='77.200005' color='FF1D4851' modelSize='33509'/>
  <pieceOfFurniture level='level-9dc025f4-ab45-4c97-830b-c377ebdbb434' catalogId='eTeks#armchair2' name='Armchair' creator='eTeks' model='30' x='322.19873' y='458.271' angle='4.1887903' width='70.0' depth='90.0' height='77.200005' color='FF1D4851' modelSize='33509'/>
  <shelfUnit level='level-9dc025f4-ab45-4c97-830b-c377ebdbb434' catalogId='eTeks#dresser' name='Dresser' creator='eTeks' model='32' x='743.5746' y='504.0083' angle='3.1415927' width='200.0' depth='45.0' height='80.0' color='FF1D4851' modelSize='22106'/>
  <pieceOfFurniture level='level-9dc025f4-ab45-4c97-830b-c377ebdbb434' catalogId='eTeks#table' name='Table' creator='eTeks' model='34' x='1450.0834' y='95.78046' angle='1.5707964' width='190.0' depth='90.0' height='74.0' color='FF8C8C8C' modelSize='5486'/>
  <pieceOfFurniture level='level-9dc025f4-ab45-4c97-830b-c377ebdbb434' catalogId='eTeks#kitchenCabinet' name='Kitchen cabinet' creator='eTeks' model='20' x='889.94434' y='202.96814' angle='3.1415927' width='59.7' depth='63.5' height='85.1' modelSize='11366' movable='false'/>
  <doorOrWindow level='level-9dc025f4-ab45-4c97-830b-c377ebdbb434' catalogId='OlaKristianHoff#window_shop' name='Shop window' creator='Ola-Kristian Hoff' model='36/window_shop.obj' x='1593.1628' y='251.19238' angle='4.712389' width='813.0' depth='14.0' height='120.00001' modelSize='3355' movable='false' cutOutShape='M0,0 v1 h1 v-1 z' wallCutOutOnBothSides='true'/>
  <doorOrWindow level='level-9dc025f4-ab45-4c97-830b-c377ebdbb434' catalogId='OlaKristianHoff#window_shop' name='Shop window' creator='Ola-Kristian Hoff' model='36/window_shop.obj' x='1193.0593' y='-195.64218' elevation='100.0' width='795.0' depth='13.0' height='20.0' modelSize='3355' movable='false' cutOutShape='M0,0 v1 h1 v-1 z' wallCutOutOnBothSides='true'/>
  <doorOrWindow level='level-9dc025f4-ab45-4c97-830b-c377ebdbb434' catalogId='OlaKristianHoff#window_shop' name='Shop window' creator='Ola-Kristian Hoff' model='36/window_shop.obj' x='1195.3057' y='696.4995' elevation='100.0' width='795.0' depth='13.0' height='20.0' modelSize='3355' movable='false' cutOutShape='M0,0 v1 h1 v-1 z' wallCutOutOnBothSides='true'/>
  <shelfUnit level='level-9dc025f4-ab45-4c97-830b-c377ebdbb434' catalogId='PeterSmolik#bookcase' name='Bookcase' creator='Peter Smolik' model='38/bookcase.obj' x='385.63016' y='63.150665' width='180.0' depth='45.0' height='200.0' modelSize='535250'/>
  <pieceOfFurniture level='level-9dc025f4-ab45-4c97-830b-c377ebdbb434' catalogId='Scopia#wooden_table_office' name='Table' creator='Scopia' model='40/wooden_table_office.obj' x='458.6972' y='394.60944' width='110.00001' depth='65.0' height='30.000002' color='FF101010' modelSize='32848'/>
  <pieceOfFurniture level='level-9dc025f4-ab45-4c97-830b-c377ebdbb434' catalogId='Scopia#hedge' name='Hedge' creator='Scopia' model='42/hedge.obj' x='893.4391' y='681.06036' elevation='100.0' width='91.0' depth='45.0' height='30.000002' modelSize='1067649' movable='false'/>
  <pieceOfFurniture level='level-9dc025f4-ab45-4c97-830b-c377ebdbb434' catalogId='Scopia#hedge' name='Hedge' creator='Scopia' model='42/hedge.obj' x='986.4059' y='678.6995' elevation='100.0' width='91.0' depth='45.0' height='30.0' modelSize='1067649' movable='false'/>
  <pieceOfFurniture level='level-9dc025f4-ab45-4c97-830b-c377ebdbb434' catalogId='Scopia#hedge' name='Hedge' creator='Scopia' model='42/hedge.obj' x='1081.7267' y='681.6348' elevation='100.0' width='91.0' depth='45.0' height='30.0' modelSize='1067649' movable='false'/>
  <pieceOfFurniture level='level-9dc025f4-ab45-4c97-830b-c377ebdbb434' catalogId='Scopia#hedge' name='Hedge' creator='Scopia' model='42/hedge.obj' x='1172.9283' y='680.451' elevation='100.0' width='91.0' depth='45.0' height='30.0' modelSize='1067649' movable='false'/>
  <pieceOfFurniture level='level-9dc025f4-ab45-4c97-830b-c377ebdbb434' catalogId='Scopia#hedge' name='Hedge' creator='Scopia' model='42/hedge.obj' x='1268.8375' y='680.4439' elevation='100.0' width='91.0' depth='45.0' height='30.0' modelSize='1067649' movable='false'/>
  <pieceOfFurniture level='level-9dc025f4-ab45-4c97-830b-c377ebdbb434' catalogId='Scopia#hedge' name='Hedge' creator='Scopia' model='42/hedge.obj' x='1364.7467' y='681.02545' elevation='100.0' width='91.0' depth='45.0' height='30.0' modelSize='1067649' movable='false'/>
  <pieceOfFurniture level='level-9dc025f4-ab45-4c97-830b-c377ebdbb434' catalogId='Scopia#hedge' name='Hedge' creator='Scopia' model='42/hedge.obj' x='1457.7135' y='679.8414' elevation='100.0' width='91.0' depth='45.0' height='30.0' modelSize='1067649' movable='false'/>
  <pieceOfFurniture level='level-9dc025f4-ab45-4c97-830b-c377ebdbb434' catalogId='Scopia#hedge' name='Hedge' creator='Scopia' model='42/hedge.obj' x='1548.9152' y='681.5997' elevation='100.0' width='91.0' depth='45.0' height='30.0' modelSize='1067649' movable='false'/>
  <pieceOfFurniture level='level-9dc025f4-ab45-4c97-830b-c377ebdbb434' catalogId='Scopia#hedge' name='Hedge' creator='Scopia' model='42/hedge.obj' x='888.13586' y='-182.77997' elevation='100.0' width='91.0' depth='45.0' height='30.0' modelSize='1067649' movable='false'/>
  <pieceOfFurniture level='level-9dc025f4-ab45-4c97-830b-c377ebdbb434' catalogId='Scopia#hedge' name='Hedge' creator='Scopia' model='42/hedge.obj' x='973.45325' y='-179.25629' elevation='100.0' width='91.0' depth='45.0' height='30.0' modelSize='1067649' movable='false'/>
  <pieceOfFurniture level='level-9dc025f4-ab45-4c97-830b-c377ebdbb434' catalogId='Scopia#hedge' name='Hedge' creator='Scopia' model='42/hedge.obj' x='1067.5968' y='-182.2055' elevation='100.0' width='91.0' depth='45.0' height='30.0' modelSize='1067649' movable='false'/>
  <pieceOfFurniture level='level-9dc025f4-ab45-4c97-830b-c377ebdbb434' catalogId='Scopia#hedge' name='Hedge' creator='Scopia' model='42/hedge.obj' x='1159.9752' y='-183.38934' elevation='100.0' width='91.0' depth='45.0' height='30.0' modelSize='1067649' movable='false'/>
  <pieceOfFurniture level='level-9dc025f4-ab45-4c97-830b-c377ebdbb434' catalogId='Scopia#hedge' name='Hedge' creator='Scopia' model='42/hedge.obj' x='1246.4689' y='-182.21942' elevation='100.0' width='91.0' depth='45.0' height='30.0' modelSize='1067649' movable='false'/>
  <pieceOfFurniture level='level-9dc025f4-ab45-4c97-830b-c377ebdbb434' catalogId='Scopia#hedge' name='Hedge' creator='Scopia' model='42/hedge.obj' x='1341.2008' y='-180.46112' elevation='100.0' width='91.0' depth='45.0' height='30.0' modelSize='1067649' movable='false'/>
  <pieceOfFurniture level='level-9dc025f4-ab45-4c97-830b-c377ebdbb434' catalogId='Scopia#hedge' name='Hedge' creator='Scopia' model='42/hedge.obj' x='1445.3478' y='-181.64496' elevation='100.0' width='91.0' depth='45.0' height='30.0' modelSize='1067649' movable='false'/>
  <pieceOfFurniture level='level-9dc025f4-ab45-4c97-830b-c377ebdbb434' catalogId='Scopia#hedge' name='Hedge' creator='Scopia' model='42/hedge.obj' x='1531.253' y='-181.06366' elevation='100.0' width='91.0' depth='45.0' height='30.0' modelSize='1067649' movable='false'/>
  <pieceOfFurniture level='level-9dc025f4-ab45-4c97-830b-c377ebdbb434' catalogId='Scopia#garden-faucet' name='Garden faucet' creator='Scopia' model='44/garden-faucet.obj' x='1160.6501' y='-9.599365' elevation='100.0' angle='3.1413035' width='5.0' depth='20.0' height='15.5' modelSize='39533' movable='false'/>
  <pieceOfFurniture level='level-9dc025f4-ab45-4c97-830b-c377ebdbb434' catalogId='Scopia#pine' name='Pine' creator='Scopia' model='46/pine.obj' x='622.03754' y='-132.7344' angle='3.1413035' width='100.0' depth='100.0' height='150.0' modelSize='4636104' movable='false'/>
  <pieceOfFurniture level='level-9dc025f4-ab45-4c97-830b-c377ebdbb434' catalogId='Scopia#pine' name='Pine' creator='Scopia' model='46/pine.obj' x='522.0464' y='-102.20611' angle='3.1413035' width='100.0' depth='100.0' height='150.0' modelSize='4636104' movable='false'/>
  <pieceOfFurniture level='level-9dc025f4-ab45-4c97-830b-c377ebdbb434' catalogId='Scopia#pine' name='Pine' creator='Scopia' model='46/pine.obj' x='257.999' y='-73.39594' angle='3.1413035' width='100.0' depth='100.0' height='150.0' modelSize='4636104' movable='false'/>
  <pieceOfFurniture level='level-9dc025f4-ab45-4c97-830b-c377ebdbb434' catalogId='Scopia#pine' name='Pine' creator='Scopia' model='46/pine.obj' x='409.48627' y='-137.04724' angle='3.1413035' width='100.0' depth='100.0' height='150.0' modelSize='4636104' movable='false'/>
  <pieceOfFurniture level='level-9dc025f4-ab45-4c97-830b-c377ebdbb434' catalogId='Scopia#pine' name='Pine' creator='Scopia' model='46/pine.obj' x='144.31439' y='-144.00198' angle='3.1413035' width='100.0' depth='100.0' height='150.0' modelSize='4636104' movable='false'/>
  <pieceOfFurniture level='level-9dc025f4-ab45-4c97-830b-c377ebdbb434' catalogId='Scopia#pine' name='Pine' creator='Scopia' model='46/pine.obj' x='30.630798' y='-115.19632' angle='3.1413035' width='100.0' depth='100.0' height='150.0' modelSize='4636104' movable='false'/>
  <pieceOfFurniture level='level-9dc025f4-ab45-4c97-830b-c377ebdbb434' catalogId='Scopia#pine' name='Pine' creator='Scopia' model='46/pine.obj' x='46.628357' y='641.26514' angle='3.1413035' width='100.0' depth='100.0' height='150.0' modelSize='4636104' movable='false'/>
  <pieceOfFurniture level='level-9dc025f4-ab45-4c97-830b-c377ebdbb434' catalogId='Scopia#pine' name='Pine' creator='Scopia' model='46/pine.obj' x='198.71136' y='631.6465' angle='3.1413035' width='100.0' depth='100.0' height='150.0' modelSize='4636104' movable='false'/>
  <pieceOfFurniture level='level-9dc025f4-ab45-4c97-830b-c377ebdbb434' catalogId='Scopia#pine' name='Pine' creator='Scopia' model='46/pine.obj' x='34.600464' y='632.4595' angle='3.1413035' width='100.0' depth='100.0' height='150.0' modelSize='4636104' movable='false'/>
  <pieceOfFurniture level='level-9dc025f4-ab45-4c97-830b-c377ebdbb434' catalogId='Scopia#pine' name='Pine' creator='Scopia' model='46/pine.obj' x='311.58197' y='640.45215' angle='3.1413035' width='100.0' depth='100.0' height='150.0' modelSize='4636104' movable='false'/>
  <pieceOfFurniture level='level-9dc025f4-ab45-4c97-830b-c377ebdbb434' catalogId='Scopia#pine' name='Pine' creator='Scopia' model='46/pine.obj' x='446.05365' y='646.04297' angle='3.1413035' width='100.0' depth='100.0' height='150.0' modelSize='4636104' movable='false'/>
  <pieceOfFurniture level='level-9dc025f4-ab45-4c97-830b-c377ebdbb434' catalogId='Scopia#pine' name='Pine' creator='Scopia' model='46/pine.obj' x='594.9345' y='640.427' angle='3.1413035' width='100.0' depth='100.0' height='150.0' modelSize='4636104' movable='false'/>
  <pieceOfFurniture level='level-9dc025f4-ab45-4c97-830b-c377ebdbb434' catalogId='Scopia#pine' name='Pine' creator='Scopia' model='46/pine.obj' x='726.20404' y='640.4143' angle='3.1413035' width='100.0' depth='100.0' height='150.0' modelSize='4636104' movable='false'/>
  <pieceOfFurniture level='level-9dc025f4-ab45-4c97-830b-c377ebdbb434' catalogId='Sophie#barbecue' name='Barbecue' creator='Sophie' model='48/barbecue.obj' x='909.5311' y='-109.855896' angle='4.712389' width='70.0' depth='90.0' height='50.9' modelSize='122119'/>
  <pieceOfFurniture level='level-9dc025f4-ab45-4c97-830b-c377ebdbb434' catalogId='Scopia#lavender-bush' name='Lavender bush' creator='Scopia' model='50/lavender-bush.obj' x='97.51003' y='-40.35389' width='81.8' depth='82.1' height='64.700005' modelSize='1649842'/>
  <pieceOfFurniture level='level-9dc025f4-ab45-4c97-830b-c377ebdbb434' catalogId='Scopia#lavender-bush' name='Lavender bush' creator='Scopia' model='50/lavender-bush.obj' x='211.96902' y='-164.44446' width='81.8' depth='82.1' height='64.700005' modelSize='1649842'/>
  <pieceOfFurniture level='level-9dc025f4-ab45-4c97-830b-c377ebdbb434' catalogId='Scopia#lavender-bush' name='Lavender bush' creator='Scopia' model='50/lavender-bush.obj' x='355.24637' y='-45.982788' width='81.8' depth='82.1' height='64.700005' modelSize='1649842'/>
  <pieceOfFurniture level='level-9dc025f4-ab45-4c97-830b-c377ebdbb434' catalogId='Scopia#lavender-bush' name='Lavender bush' creator='Scopia' model='50/lavender-bush.obj' x='211.96902' y='-164.44446' width='81.8' depth='82.1' height='64.700005' modelSize='1649842'/>
  <pieceOfFurniture level='level-9dc025f4-ab45-4c97-830b-c377ebdbb434' catalogId='Scopia#lavender-bush' name='Lavender bush' creator='Scopia' model='50/lavender-bush.obj' x='742.6887' y='-138.0404' width='81.8' depth='82.1' height='64.700005' modelSize='1649842'/>
  <pieceOfFurniture level='level-9dc025f4-ab45-4c97-830b-c377ebdbb434' catalogId='Scopia#lavender-bush' name='Lavender bush' creator='Scopia' model='50/lavender-bush.obj' x='683.4392' y='-47.596313' width='81.8' depth='82.1' height='64.700005' modelSize='1649842'/>
  <pieceOfFurniture level='level-9dc025f4-ab45-4c97-830b-c377ebdbb434' catalogId='Scopia#lavender-bush' name='Lavender bush' creator='Scopia' model='50/lavender-bush.obj' x='125.514915' y='664.8751' width='81.8' depth='82.1' height='64.700005' modelSize='1649842'/>
  <pieceOfFurniture level='level-9dc025f4-ab45-4c97-830b-c377ebdbb434' catalogId='Scopia#lavender-bush' name='Lavender bush' creator='Scopia' model='50/lavender-bush.obj' x='376.05936' y='627.2389' width='81.8' depth='82.1' height='64.700005' modelSize='1649842'/>
  <pieceOfFurniture level='level-9dc025f4-ab45-4c97-830b-c377ebdbb434' catalogId='Scopia#lavender-bush' name='Lavender bush' creator='Scopia' model='50/lavender-bush.obj' x='527.34155' y='667.25134' width='81.8' depth='82.1' height='64.700005' modelSize='1649842'/>
  <pieceOfFurniture level='level-9dc025f4-ab45-4c97-830b-c377ebdbb434' catalogId='Scopia#lavender-bush' name='Lavender bush' creator='Scopia' model='50/lavender-bush.obj' x='672.22' y='628.8146' width='81.8' depth='82.1' height='64.700005' modelSize='1649842'/>
  <pieceOfFurniture level='level-9dc025f4-ab45-4c97-830b-c377ebdbb434' catalogId='Scopia#bamboo' name='Bamboo' creator='Scopia' model='52/bamboo.obj' x='186.3198' y='-102.18555' angle='3.1413035' width='150.0' depth='140.0' height='200.0' modelSize='2231623' movable='false'/>
  <pieceOfFurniture level='level-9dc025f4-ab45-4c97-830b-c377ebdbb434' catalogId='Scopia#bamboo' name='Bamboo' creator='Scopia' model='52/bamboo.obj' x='322.39255' y='-142.22314' angle='3.1413035' width='150.0' depth='140.0' height='200.0' modelSize='2231623' movable='false'/>
  <pieceOfFurniture level='level-9dc025f4-ab45-4c97-830b-c377ebdbb434' catalogId='Scopia#bamboo' name='Bamboo' creator='Scopia' model='52/bamboo.obj' x='600.9546' y='-121.42261' angle='3.1413035' width='150.0' depth='140.0' height='200.0' modelSize='2231623' movable='false'/>
  <pieceOfFurniture level='level-9dc025f4-ab45-4c97-830b-c377ebdbb434' catalogId='Scopia#coffee_machine' name='Coffee machine' creator='Scopia' model='54/coffee_machine.obj' x='781.42847' y='66.57563' elevation='85.200005' width='58.2' depth='40.2' height='36.4' modelSize='356249'/>
  <pieceOfFurniture level='level-9dc025f4-ab45-4c97-830b-c377ebdbb434' catalogId='eTeks#kitchenCabinet' name='Kitchen cabinet' creator='eTeks' model='20' x='890.3282' y='254.36914' width='59.7' depth='40.0' height='85.1' modelSize='11366' movable='false'/>
  <pieceOfFurniture level='level-9dc025f4-ab45-4c97-830b-c377ebdbb434' catalogId='eTeks#kitchenCabinet' name='Kitchen cabinet' creator='eTeks' model='20' x='949.64435' y='254.61346' width='59.7' depth='40.0' height='85.1' modelSize='11366' movable='false'/>
  <pieceOfFurniture level='level-9dc025f4-ab45-4c97-830b-c377ebdbb434' catalogId='eTeks#kitchenCabinet' name='Kitchen cabinet' creator='eTeks' model='20' x='1009.34436' y='254.2394' width='59.7' depth='40.0' height='85.1' modelSize='11366' movable='false'/>
  <pieceOfFurniture level='level-9dc025f4-ab45-4c97-830b-c377ebdbb434' catalogId='eTeks#kitchenCabinet' name='Kitchen cabinet' creator='eTeks' model='20' x='1069.4282' y='254.52675' width='59.7' depth='40.0' height='85.1' modelSize='11366' movable='false'/>
  <pieceOfFurniture level='level-9dc025f4-ab45-4c97-830b-c377ebdbb434' catalogId='Scopia#calla_lily_with_roses' name='Flowers' creator='Scopia' model='56/calla_lily_with_roses.obj' x='465.1833' y='389.68427' elevation='31.0' width='43.600002' depth='38.600002' height='52.4' modelSize='5093103'/>
  <pieceOfFurniture level='level-9dc025f4-ab45-4c97-830b-c377ebdbb434' catalogId='eTeks#fridgeFreezer' name='Fridge &amp; Freezer' creator='eTeks' model='14' x='203.86502' y='494.1235' width='59.7' depth='66.0' height='185.40001' modelSize='26363'/>
  <pieceOfFurniture level='level-75960c5f-15f3-4734-87b3-681b28fb5536' name='stairs' model='58/model.dae.obj' x='141.77032' y='184.25618' elevation='111.600006' angle='1.5707964' width='91.0' depth='195.0' height='136.40001' modelFlags='2' modelSize='388667'/>
  <pieceOfFurniture level='level-9dc025f4-ab45-4c97-830b-c377ebdbb434' name='induction' model='60/induction.dae.obj' x='927.68933' y='72.471016' elevation='78.0' width='93.979996' depth='54.76875' height='8.518525' modelFlags='2' modelSize='195995'/>
  <pieceOfFurniture level='level-9dc025f4-ab45-4c97-830b-c377ebdbb434' catalogId='eTeks#texturableBox' name='Box' creator='eTeks' model='16/texturableBox.obj' x='652.4989' y='71.5807' width='60.0' depth='60.0' height='240.0' modelSize='1661'/>
  <pieceOfFurniture level='level-9dc025f4-ab45-4c97-830b-c377ebdbb434' catalogId='eTeks#oven' name='Oven' creator='eTeks' model='62' x='712.4989' y='79.20621' elevation='141.70001' width='60.000004' depth='47.8' height='29.5' modelSize='30619'/>
  <pieceOfFurniture level='level-9dc025f4-ab45-4c97-830b-c377ebdbb434' catalogId='Omari#oven' name='Oven' creator='Ben Omari' model='64/oven_Scene.obj' x='712.4989' y='74.79076' elevation='85.100006' width='60.0' depth='62.4' height='56.600002' modelSize='6704'/>
  <pieceOfFurniture level='level-9dc025f4-ab45-4c97-830b-c377ebdbb434' name='storage' model='66/storage.dae.obj' x='104.71298' y='468.87292' angle='4.712389' width='119.0' depth='121.0' height='240.00002' modelFlags='2' modelSize='18210'/>
  <furnitureGroup level='level-9dc025f4-ab45-4c97-830b-c377ebdbb434' name='Group -2-' x='830.4363' y='223.56192' elevation='75.100006' angle='3.1415927' width='60.0838' depth='99.891266' height='10.0' movable='false'>
    <pieceOfFurniture level='level-9dc025f4-ab45-4c97-830b-c377ebdbb434' catalogId='eTeks#kitchenCabinet' name='Kitchen cabinet' creator='eTeks' model='20' x='830.2443' y='205.36629' elevation='75.100006' width='59.7' depth='63.5' height='10.0' modelSize='11366' movable='false'/>
    <pieceOfFurniture level='level-9dc025f4-ab45-4c97-830b-c377ebdbb434' catalogId='eTeks#kitchenCabinet' name='Kitchen cabinet' creator='eTeks' model='20' x='830.6282' y='248.50752' elevation='75.100006' angle='3.1415927' width='59.7' depth='50.0' height='10.0' modelSize='11366' movable='false'/>
  </furnitureGroup>
  <furnitureGroup level='level-9dc025f4-ab45-4c97-830b-c377ebdbb434' name='Group -2-' x='771.7694' y='224.31604' elevation='75.1' angle='3.1415927' width='60.0838' depth='99.891235' height='10.0' movable='false'>
    <pieceOfFurniture level='level-9dc025f4-ab45-4c97-830b-c377ebdbb434' catalogId='eTeks#kitchenCabinet' name='Kitchen cabinet' creator='eTeks' model='20' x='771.5775' y='206.12044' elevation='75.1' width='59.7' depth='63.5' height='10.0' modelSize='11366' movable='false'/>
    <pieceOfFurniture level='level-9dc025f4-ab45-4c97-830b-c377ebdbb434' catalogId='eTeks#kitchenCabinet' name='Kitchen cabinet' creator='eTeks' model='20' x='771.96136' y='249.26166' elevation='75.1' angle='3.1415927' width='59.7' depth='50.0' height='10.0' modelSize='11366' movable='false'/>
  </furnitureGroup>
  <furnitureGroup level='level-9dc025f4-ab45-4c97-830b-c377ebdbb434' name='Group -2-' x='716.5912' y='224.82971' elevation='75.1' angle='3.1415927' width='60.0838' depth='99.89137' height='10.0' movable='false'>
    <pieceOfFurniture level='level-9dc025f4-ab45-4c97-830b-c377ebdbb434' catalogId='eTeks#kitchenCabinet' name='Kitchen cabinet' creator='eTeks' model='20' x='716.39923' y='206.63402' elevation='75.1' width='59.7' depth='63.5' height='10.0' modelSize='11366' movable='false'/>
    <pieceOfFurniture level='level-9dc025f4-ab45-4c97-830b-c377ebdbb434' catalogId='eTeks#kitchenCabinet' name='Kitchen cabinet' creator='eTeks' model='20' x='716.7831' y='249.77538' elevation='75.1' angle='3.1415927' width='59.7' depth='50.0' height='10.0' modelSize='11366' movable='false'/>
  </furnitureGroup>
  <pieceOfFurniture level='level-9dc025f4-ab45-4c97-830b-c377ebdbb434' catalogId='eTeks#kitchenCabinet' name='Kitchen cabinet' creator='eTeks' model='20' x='682.8724' y='206.42589' width='10.0' depth='63.5' height='87.5' modelSize='11366' movable='false'/>
  <pieceOfFurniture level='level-9dc025f4-ab45-4c97-830b-c377ebdbb434' catalogId='eTeks#kitchenCabinet' name='Kitchen cabinet' creator='eTeks' model='20' x='682.8152' y='249.56726' angle='3.1415927' width='10.0' depth='50.0' height='87.5' modelSize='11366' movable='false'/>
  <pieceOfFurniture level='level-9dc025f4-ab45-4c97-830b-c377ebdbb434' name='bar chairs' model='68/bar%20chairs.dae.obj' x='718.48895' y='170.14539' width='46.477108' depth='58.339474' height='102.43138' modelFlags='2' modelSize='1374805'/>
  <pieceOfFurniture level='level-9dc025f4-ab45-4c97-830b-c377ebdbb434' name='bar chairs' model='68/bar%20chairs.dae.obj' x='775.056' y='173.3053' width='46.5' depth='58.3' height='102.4' modelFlags='2' modelSize='1374805'/>
  <pieceOfFurniture level='level-9dc025f4-ab45-4c97-830b-c377ebdbb434' name='bar chairs' model='68/bar%20chairs.dae.obj' x='714.4317' y='283.00644' angle='3.1415927' width='46.5' depth='58.3' height='102.4' modelFlags='2' modelSize='1374805'/>
  <pieceOfFurniture level='level-9dc025f4-ab45-4c97-830b-c377ebdbb434' name='bar chairs' model='68/bar%20chairs.dae.obj' x='777.1444' y='285.68524' angle='3.1415927' width='46.5' depth='58.3' height='102.4' modelFlags='2' modelSize='1374805'/>
  <pieceOfFurniture level='level-9dc025f4-ab45-4c97-830b-c377ebdbb434' name='bar chairs' model='68/bar%20chairs.dae.obj' x='835.15485' y='283.55255' angle='3.1415927' width='46.5' depth='58.3' height='102.4' modelFlags='2' modelSize='1374805'/>
  <pieceOfFurniture level='level-9dc025f4-ab45-4c97-830b-c377ebdbb434' name='bar chairs' model='68/bar%20chairs.dae.obj' x='830.1796' y='178.87091' width='46.5' depth='58.3' height='102.4' modelFlags='2' modelSize='1374805'/>
  <wall id='wall-fca0ab7c-eb73-46e9-8987-5a06f628b18e' level='level-9dc025f4-ab45-4c97-830b-c377ebdbb434' wallAtEnd='wall-4562ff10-d5d6-4f7b-a511-b75524d36ecc' xStart='0.0' yStart='20.736115' xEnd='1183.2847' yEnd='20.394093' height='243.84' thickness='40.0' pattern='hatchUp'/>
  <wall id='wall-4562ff10-d5d6-4f7b-a511-b75524d36ecc' level='level-9dc025f4-ab45-4c97-830b-c377ebdbb434' wallAtStart='wall-fca0ab7c-eb73-46e9-8987-5a06f628b18e' wallAtEnd='wall-5e71e191-6054-4aac-9b08-c2b33d5f06c4' xStart='1183.2847' yStart='20.394093' xEnd='1183.2849' yEnd='551.31604' height='243.84' thickness='40.0' pattern='hatchUp'/>
  <wall id='wall-5e71e191-6054-4aac-9b08-c2b33d5f06c4' level='level-9dc025f4-ab45-4c97-830b-c377ebdbb434' wallAtStart='wall-4562ff10-d5d6-4f7b-a511-b75524d36ecc' wallAtEnd='wall-8332711d-5d84-4ef9-a6e3-5aaf1ecca0fe' xStart='1183.2849' yStart='551.31604' xEnd='18.284668' yEnd='551.31604' height='243.84' thickness='40.0' pattern='hatchUp'/>
  <wall id='wall-8332711d-5d84-4ef9-a6e3-5aaf1ecca0fe' level='level-9dc025f4-ab45-4c97-830b-c377ebdbb434' wallAtStart='wall-5e71e191-6054-4aac-9b08-c2b33d5f06c4' xStart='18.284668' yStart='551.31604' xEnd='22.823364' yEnd='0.15945435' height='243.84' thickness='40.0' pattern='hatchUp'/>
  <wall id='wall-25eeab50-b7f5-4e7e-bd67-6cfd043c4fe2' level='level-9dc025f4-ab45-4c97-830b-c377ebdbb434' xStart='40.267944' yStart='400.34552' xEnd='154.26794' yEnd='400.34552' height='243.84' thickness='7.62' pattern='hatchUp'/>
  <wall id='wall-c3f45c2d-ee44-44f2-9996-dbfc39d61c0f' level='level-9dc025f4-ab45-4c97-830b-c377ebdbb434' wallAtEnd='wall-ba56bc8d-68a0-4db7-adec-89701ae01359' xStart='243.82236' yStart='538.3634' xEnd='244.32797' yEnd='398.43823' height='243.84' thickness='7.62' pattern='hatchUp'/>
  <wall id='wall-ba56bc8d-68a0-4db7-adec-89701ae01359' level='level-9dc025f4-ab45-4c97-830b-c377ebdbb434' wallAtStart='wall-c3f45c2d-ee44-44f2-9996-dbfc39d61c0f' xStart='244.32797' yStart='398.43823' xEnd='232.32797' yEnd='398.43823' height='243.84' thickness='7.62' pattern='hatchUp'/>
  <wall id='wall-88ecf506-c225-492a-9807-9c5be7a1b029' level='level-9dc025f4-ab45-4c97-830b-c377ebdbb434' xStart='42.01477' yStart='129.40335' xEnd='241.01477' yEnd='129.40335' height='243.84' thickness='7.62' pattern='hatchUp'/>
  <wall id='wall-a0398d6b-d97f-40ef-9888-ab059cf52560' level='level-9dc025f4-ab45-4c97-830b-c377ebdbb434' xStart='224.12067' yStart='19.048317' xEnd='224.12067' yEnd='29.548317' height='243.84' thickness='7.62' pattern='hatchUp'/>
  <wall id='wall-575f80ba-29df-42c3-9892-8d4505aacaf1' level='level-9dc025f4-ab45-4c97-830b-c377ebdbb434' xStart='240.83954' yStart='40.845894' xEnd='240.83954' yEnd='129.84589' height='243.84' thickness='7.62' pattern='hatchUp'/>
  <wall id='wall-9f98544a-0d70-44e9-a69c-cf389becddf1' level='level-9dc025f4-ab45-4c97-830b-c377ebdbb434' wallAtEnd='wall-bafb36cb-e084-4e26-ba3e-be9371b4b54c' xStart='251.4267' yStart='236.99072' xEnd='143.4267' yEnd='236.99072' height='120.00001' thickness='7.62' pattern='hatchUp'/>
  <wall id='wall-bafb36cb-e084-4e26-ba3e-be9371b4b54c' level='level-9dc025f4-ab45-4c97-830b-c377ebdbb434' wallAtStart='wall-9f98544a-0d70-44e9-a69c-cf389becddf1' xStart='143.4267' yStart='236.99072' xEnd='143.4267' yEnd='403.99072' height='120.00001' thickness='7.62' pattern='hatchUp'/>
  <wall id='wall-3acc3937-2a1b-4db5-92f3-dd16edca99af' level='level-9dc025f4-ab45-4c97-830b-c377ebdbb434' wallAtEnd='wall-68651531-fd62-4c86-ba07-34a862c9cb32' xStart='819.667' yStart='570.5745' xEnd='819.667' yEnd='678.5745' height='100.0' thickness='40.0' pattern='hatchUp'/>
  <wall id='wall-68651531-fd62-4c86-ba07-34a862c9cb32' level='level-9dc025f4-ab45-4c97-830b-c377ebdbb434' wallAtStart='wall-3acc3937-2a1b-4db5-92f3-dd16edca99af' xStart='819.667' yStart='678.5745' xEnd='1598.667' yEnd='678.5745' height='100.0' thickness='40.0' pattern='hatchUp'/>
  <wall id='wall-2c1d83c2-f954-41de-9c3f-35935930e2cf' level='level-9dc025f4-ab45-4c97-830b-c377ebdbb434' wallAtEnd='wall-29b9bb69-5425-49b7-bf90-c11951f13472' xStart='819.667' yStart='0.15945435' xEnd='820.7733' yEnd='-182.27502' height='100.0' thickness='40.0' pattern='hatchUp'/>
  <wall id='wall-29b9bb69-5425-49b7-bf90-c11951f13472' level='level-9dc025f4-ab45-4c97-830b-c377ebdbb434' wallAtStart='wall-2c1d83c2-f954-41de-9c3f-35935930e2cf' xStart='820.7733' yStart='-182.27502' xEnd='1600.7733' yEnd='-182.27502' height='100.0' thickness='40.0' pattern='hatchUp'/>
  <wall id='wall-7ca67302-a608-4b82-903a-91b798b60274' level='level-75960c5f-15f3-4734-87b3-681b28fb5536' xStart='251.4267' yStart='236.99072' xEnd='143.4267' yEnd='236.99072' height='246.00002' thickness='7.62' pattern='hatchUp'/>
  <wall id='wall-e181c2a2-5f42-49b3-9583-ee56703dcb1a' level='level-9dc025f4-ab45-4c97-830b-c377ebdbb434' xStart='747.6812' yStart='40.845894' xEnd='747.6812' yEnd='102.845894' height='243.84' thickness='7.62' pattern='hatchUp'/>
  <room id='room-50ac2c41-c7aa-4bed-aa4d-d0b72c75a319' level='level-9dc025f4-ab45-4c97-830b-c377ebdbb434' areaVisible='true' areaXOffset='113.17871' areaYOffset='61.02777' ceilingVisible='false' ceilingFlat='true'>
    <texture attribute='floorTexture' name='Grey tiles' creator='eTeks' catalogId='eTeks#greyTile' width='31.5' height='31.5' image='69'/>
    <point x='840.88965' y='0.118621826'/>
    <point x='840.88965' y='-160.88141'/>
    <point x='1587.8896' y='-160.88141'/>
    <point x='1587.8896' y='655.119'/>
    <point x='840.88965' y='655.1191'/>
    <point x='840.88965' y='571.04675'/>
    <point x='1200.073' y='571.04675'/>
    <point x='1200.073' y='0.118621826'/>
  </room>
  <room id='room-e828e65b-0e8e-446a-a356-f663473c9f6d' level='level-9dc025f4-ab45-4c97-830b-c377ebdbb434' areaVisible='true' ceilingVisible='false' ceilingFlat='true'>
    <texture attribute='floorTexture' name='Grass' creator='eTeks' catalogId='eTeks#grass' width='30.0' height='30.0' image='70'/>
    <point x='794.0029' y='705.2456'/>
    <point x='-55.99707' y='705.2456'/>
    <point x='-55.99711' y='-202.28125'/>
    <point x='788.00287' y='-202.28125'/>
    <point x='788.00287' y='-5.28125'/>
    <point x='-0.0057808897' y='-5.2811813'/>
    <point x='-0.0057808897' y='575.7188'/>
    <point x='794.0029' y='575.7188'/>
  </room>
  <room id='room-1d3e2f51-1445-476d-8d0d-f951e9ba0ed1' level='level-9dc025f4-ab45-4c97-830b-c377ebdbb434' areaVisible='true' ceilingFlat='true'>
    <texture attribute='floorTexture' name='Wooden floor' creator='eTeks' catalogId='eTeks#woodenFloor' width='42.5' height='42.5' image='71'/>
    <point x='44.555176' y='42.882126'/>
    <point x='1165.3501' y='42.558167'/>
    <point x='1165.3503' y='533.4762'/>
    <point x='40.51523' y='533.4762'/>
    <point x='42.33313' y='406.3138'/>
    <point x='149.30188' y='406.3138'/>
    <point x='149.30188' y='242.95901'/>
    <point x='253.49188' y='242.95901'/>
    <point x='253.49188' y='127.75165'/>
    <point x='44.079956' y='127.75165'/>
  </room>
</home>